id,semi_supervised_split
-413100001,validation
-413100002,train
-413000002,validation
-413000003,validation
-412800006,train
-412600006,validation
-412400007,train
-412300007,train
-412200003,holdout
-412200009,train
-422700001,validation
-422500001,train
-422500004,train
-422300014,train
-422000003,train
-421900010,validation
-421900013,validation
-433100007,train
-432500001,train
-432500002,validation
-432500003,validation
-432500005,holdout
-432500007,train
-432500008,train
-432300023,train
-442900003,holdout
-442800020,train
-442600004,train
-442600012,train
-442600016,holdout
-442400002,train
-442200002,train
-442000003,train
-442000005,train
-441900005,train
-441800002,train
-452600001,train
-451800001,train
-451800002,holdout
-451500002,train
-451100001,train
-451100003,train
-451100004,train
-451100005,holdout
-451100007,validation
-451100009,train
-451100020,train
-451100021,train
-451100022,validation
-451100027,validation
-451100029,train
-451100032,train
-451100033,train
-451100034,train
-451000007,holdout
-462000003,holdout
-462000005,holdout
-462000008,train
-462000014,train
-462000017,validation
-461600024,validation
-461600026,train
-461500003,train
-472300006,validation
-472200003,train
-472200005,train
-472200006,train
-472200007,holdout
-472200008,train
-472200016,validation
-472200018,train
-472000002,train
-471800003,train
-471700002,validation
-471700007,train
-471600001,holdout
-471400003,validation
-482900001,train
-482900003,train
-482900004,train
-482900007,train
-482900008,train
-482700002,validation
-482600006,train
-482400001,validation
-482400007,train
-482400008,train
-482400009,validation
-482400015,holdout
-482300001,train
-482300003,holdout
-482300004,train
-482100009,train
-492900003,train
-492900006,train
-492900007,train
-492900008,train
-492800005,holdout
-492800006,train
-492800013,train
-492800032,train
-492700006,validation
-492700011,train
-492500017,train
-492400005,holdout
-503100004,validation
-503100006,train
-503100007,train
-503100008,validation
-503000002,holdout
-503000006,train
-502500003,holdout
-502500006,train
-502400005,train
-502400008,train
-502400015,train
-502400019,holdout
-502300006,validation
-512800002,train
-512700007,train
-512700020,train
-523100006,validation
-523100008,validation
-523000002,train
-522900001,validation
-522700002,holdout
-522700006,train
-522600002,holdout
14784,validation
13722,train
15490,validation
12065,holdout
14073,train
13012,train
12660,train
12064,train
15488,validation
15134,train
15133,train
14779,holdout
13396,holdout
13043,train
12340,holdout
11207,train
15164,holdout
14455,train
14100,train
15197,holdout
14135,train
11277,train
15195,validation
11983,train
14840,train
13778,train
14839,train
15581,holdout
15227,train
14873,train
14519,train
14165,holdout
13457,train
13104,holdout
12751,train
15580,train
13810,train
13456,train
13103,train
12750,validation
14517,train
15578,train
13454,train
12748,holdout
12747,train
12396,holdout
14514,train
12746,train
12771,train
14184,train
14890,train
14889,train
13473,validation
15595,train
15241,train
15594,holdout
15240,train
13822,train
15631,train
13861,train
13860,train
13505,train
13152,train
12799,train
15628,train
12445,train
14561,validation
14560,train
13538,train
15658,train
15304,holdout
14950,train
15302,train
14593,train
14238,train
14591,train
13883,validation
11298,train
13240,validation
15754,train
12924,holdout
12572,holdout
14688,train
11396,train
13624,train
12567,train
12033,holdout
11177,train
10629,holdout
10473,train
15075,holdout
12153,validation
11078,validation
10794,train
10444,train
15461,train
12985,holdout
12634,train
14398,train
13690,train
15813,train
15459,train
14043,holdout
15104,train
14396,validation
12038,train
11241,validation
10893,validation
10772,train
15810,holdout
-13100006,holdout
-13100010,train
-12900015,validation
-12700002,validation
-12600006,holdout
-12400001,holdout
-12200002,validation
-12200005,train
-22800002,validation
-22800010,train
-22800023,train
-22700005,train
-22500006,train
-22500007,train
-22400006,train
-22300010,train
-22200004,validation
-22100002,holdout
-33100004,train
-33100005,validation
-32900001,train
-32800015,validation
-32800016,train
-32800020,train
-32800025,train
-32800032,holdout
-32800035,validation
-32800043,validation
-42600007,validation
-42500010,validation
-42500015,holdout
-42500028,train
-42500029,train
-42500040,train
-52800003,holdout
-52800005,holdout
-52700004,train
-52600001,train
-52200002,train
-52200003,train
-52200004,train
-63000001,train
-62800005,train
-62700001,train
-62500001,train
-62400005,validation
-62100001,validation
-62000002,validation
-61500003,holdout
-61500004,train
-61400003,train
-61400005,holdout
-61300004,train
-61100002,validation
-61100003,validation
-73100004,validation
-72500001,train
-72500004,train
-72000003,train
-71600001,validation
-71500005,holdout
-71300003,holdout
-83100001,validation
-83000010,train
-82900010,validation
-82800001,train
-82800004,train
-82700002,train
-82600009,holdout
-82500005,holdout
-81900005,train
-81800003,holdout
-92800001,holdout
-92800003,validation
-92800005,train
-92500004,train
-92500005,train
-92200002,validation
-91900004,train
-91300010,train
-103000004,train
-102700004,train
-102600005,validation
-102400005,train
-102200004,train
-102000005,train
-101900001,train
-101900003,train
-101800001,train
-101800004,validation
-101800005,train
-101700004,holdout
-101500003,holdout
-101400003,train
-112700014,validation
-112400005,train
-112100002,validation
-112000002,train
-112000005,train
-111900003,train
-111800005,validation
-111700002,validation
-123000004,train
-122900002,validation
-122900008,holdout
-122800001,train
-122800008,validation
-122700001,train
-122600010,train
-122300006,train
-122300008,train
-122300013,holdout
-1013100003,holdout
-1013100017,holdout
-1012900010,train
-1012800001,train
-1012400009,train
-1022800001,train
-1022800005,train
-1022800009,train
-1022700003,train
-1022700007,train
-1022600009,holdout
-1022500010,train
-1022400002,validation
-1022400004,train
-1022300003,train
-1022300006,train
-1022200010,holdout
-1033000007,train
-1032900003,validation
-1032800007,train
-1032700008,train
-1032500005,validation
-1032400003,holdout
-1032400004,train
-1032300004,train
-1032200002,holdout
-1032200004,train
-1043000005,train
-1042800004,validation
-1042700006,train
-1042600009,train
-1042400009,train
-1042400016,validation
-1042300007,holdout
-1062900002,train
-1062700008,validation
-1062400001,holdout
-1062300001,holdout
-1061900003,validation
-1061600004,holdout
-1061500004,train
-1073100007,train
-1073000003,train
-1072800003,train
-1072800005,holdout
-1072700004,train
-1072700005,train
-1072500002,train
-1072400011,train
-1072300004,holdout
-1072100002,train
-1072100004,validation
-1072000003,train
-1071800005,train
-1071800006,holdout
-1083100009,validation
-1082900002,train
-1082700002,train
-1082500009,validation
-1082400002,train
-1082200008,train
-1093000006,train
-1093000007,validation
-1093000010,holdout
-1092900002,validation
-1092700008,holdout
-1092600011,train
-1092500005,holdout
-1092400002,holdout
-1092300006,train
-1092300008,holdout
-1092200004,holdout
-1092200005,holdout
-1092100006,holdout
-1103100005,train
-1103100010,train
-1103100012,train
-1103100013,train
-1102900001,train
-1102900003,train
-1102900007,validation
-1102900008,train
-1102800003,validation
-1102800010,train
-1102500002,validation
-1102500009,validation
-1102400001,validation
-1102400005,train
-1102300006,train
-1102300007,train
-1102200005,train
-1113000005,holdout
-1112800007,train
-1112600003,train
-1112600005,holdout
-1112500004,train
-1112200005,train
-1112100013,validation
-1112100016,validation
-1112000005,train
-1111800002,validation
-1123100005,train
-1123100008,train
-1122900003,holdout
-1122900005,train
-1122700003,train
-1122600005,train
-1122500005,validation
-1122400002,holdout
-1122300001,holdout
-1122200002,validation
-1121400003,validation
-1121300004,train
-2012900002,validation
-2012700002,holdout
-2012700003,train
-2012700005,validation
-2012300004,train
-2012000004,train
-2011900003,holdout
-2022900006,validation
-2022800008,train
-2022700006,train
-2022600003,train
-2022600009,holdout
-2022500002,train
-2022500003,train
-2022400002,train
-2022400010,train
-2022300010,validation
-2022000001,train
-2022000007,holdout
-2022000011,validation
-2033100006,validation
-2032900010,validation
-2032800001,holdout
-2032700003,validation
-2032600007,validation
-2032400005,holdout
-2032400007,train
-2032300009,train
-2043000003,train
-2042800002,validation
-2042700006,train
-2042700010,train
-2042600005,train
-2042300004,holdout
-2042200003,train
-2042200004,validation
-2050100004,train
-2063000001,train
-2063000006,train
-2062800003,train
-2062800005,train
-2062600001,holdout
-2062500010,train
-2062500014,validation
-2062500018,train
-2062300005,validation
-2062300009,holdout
-2062100002,train
-2073100002,validation
-2073000009,holdout
-2073000017,train
-2072900007,train
-2072800001,train
-2072800004,train
-2072700003,train
-2072700010,train
-2072500009,train
-2072400005,train
-2072400007,train
-10099554,train
-10099574,train
-10099571,train
-10099570,train
-10099588,holdout
-10099593,train
-10099591,train
-10099599,holdout
-10099614,holdout
-10099625,holdout
-10095208,validation
-10095225,train
-10095222,train
-10095243,train
-10095264,validation
-10095263,train
-10095262,holdout
-10095288,train
-10095305,validation
-10095300,holdout
-10090610,train
-10090606,train
-10090611,train
-10090642,train
-10090638,train
-10090637,validation
-10090652,holdout
-10090663,train
-10090660,validation
-10090675,train
-10090672,train
-10090671,validation
-10090687,validation
-10090679,holdout
-10090696,train
-10090693,validation
-10085833,holdout
-10085828,train
-10085845,train
-10085838,train
-10085857,holdout
-10085867,train
-10085859,train
-10085888,train
-10085909,holdout
-10085919,holdout
-10085933,train
-10080382,holdout
-10080379,train
-10080386,train
-10080384,train
-10080401,train
-10080397,train
-10080396,train
-10080430,validation
-10080424,train
-10080441,train
-10080436,train
-10080445,train
-10080456,train
-10069651,validation
-10069679,validation
-10069678,train
-10069674,holdout
-10069673,train
-10069707,train
-10069695,train
-10069690,train
-10069687,train
-10069684,train
-10069715,validation
-10069728,train
-10069739,holdout
-10069736,validation
-10069733,train
-10069749,train
-10069309,train
-10069359,validation
-10069328,validation
-10069327,train
-10069360,validation
-10069374,train
-10069384,holdout
-10059098,holdout
-10059094,validation
-10059102,train
-10059113,train
-10059110,train
-10059128,train
-10059126,validation
-10059124,validation
-10059180,train
-10059171,train
-10059155,validation
-10053057,train
-10053072,validation
-10053095,train
-10053094,holdout
-10053107,train
-10053105,train
-10053117,holdout
-10053116,train
-10053111,holdout
-10053123,train
-10053122,train
-10053118,validation
-10053133,train
-10053167,train
-10053157,train
-10053152,holdout
-10047412,train
-10047425,validation
-10047440,train
-10047457,train
-10047454,train
-10047446,train
-10047498,train
-10042164,train
-10042175,train
-10042195,train
-10042228,train
-10042241,train
-10037682,train
-10037692,holdout
-10037687,validation
-10037685,validation
-10037708,validation
-10037720,train
-10037741,train
-10037763,train
-10037774,train
-10032462,holdout
-10032461,train
-10032484,holdout
-10032501,holdout
-10032500,holdout
-10032510,validation
-10032520,holdout
-10032519,train
-10032533,train
-10032527,validation
-10026314,train
-10026312,train
-10026309,holdout
-10026307,train
-10026326,holdout
-10026344,train
-10026343,holdout
-10026340,holdout
-10026339,train
-10026350,train
-10026348,validation
-10026368,validation
-10026364,validation
-10026361,train
-10026357,train
-10026356,validation
-10026376,train
-10026374,validation
-10026395,holdout
-10018497,train
-10018517,train
-10018513,train
-10018525,train
-10018524,validation
-10018566,holdout
-10018565,holdout
-10018576,train
-10018573,train
-10018590,train
-10011010,validation
-10011008,validation
-10011015,train
-10011025,train
-10011022,train
-10011041,train
-10011058,holdout
-10011056,validation
-10011055,validation
-10011052,train
-10011069,validation
-10011063,validation
-10011082,train
-9999666,train
-9999662,train
-9999678,validation
-9999674,validation
-9999681,holdout
-9999691,train
-10004596,holdout
-10004591,holdout
-10004616,train
-10004612,train
-10004639,train
-10004636,train
-10004634,train
-10004632,holdout
-9994286,validation
-9994295,train
-9994293,validation
-9994315,train
-9994314,train
-9994332,train
-9994342,validation
-9994339,validation
-9994336,train
-9994350,train
-9994343,validation
-9995046,train
-9995054,train
-9995059,holdout
-9986188,train
-9986459,train
-9989985,validation
-9989983,holdout
-9989995,validation
-9989989,train
-9989988,train
-9989987,validation
-9990002,holdout
-9990000,train
-9990016,holdout
-9990015,train
-9990009,train
-9990027,train
-9990026,train
-9990023,train
-9990031,train
-9990043,train
-9980323,train
-9980546,train
-9980545,train
-9980774,validation
-9981368,train
-9981364,holdout
-9981362,validation
-9974424,validation
-9974422,train
-9974722,train
-9974900,train
-9974894,train
-9975080,validation
-9975264,holdout
-9975257,train
-9975781,holdout
-9968402,train
-9968401,validation
-9968602,validation
-9968812,train
-9968931,validation
-9968930,train
-9969162,train
-9969157,train
-9969154,train
-9969380,train
-9969376,train
-9969370,train
-9969570,train
-9969569,train
-9962126,train
-9962125,train
-9962123,train
-9962431,train
-9962424,train
-9962656,train
-9962881,validation
-9963078,validation
-9963236,train
-9963400,validation
-9956608,holdout
-9956995,train
-9956986,holdout
-9957159,validation
-9957811,validation
-9957983,train
-9957978,train
-9958289,validation
-9950640,train
-9950839,train
-9951056,train
-9951052,train
-9951405,train
-9951604,train
-9952237,train
-9939258,validation
-9939252,train
-9938613,validation
-9940114,holdout
-9940105,train
-9932870,holdout
-9932869,train
-9932865,holdout
-9932113,validation
-9933254,holdout
-9933253,validation
-9934108,train
-9934321,train
-9934319,train
19710,validation
19479,holdout
19488,validation
19335,train
19340,train
19130,train
18955,holdout
18363,train
18370,validation
18170,train
18029,train
24691,train
24696,train
24529,holdout
24182,holdout
24002,train
23822,train
23602,train
23605,validation
23387,validation
29323,holdout
29023,validation
29024,validation
28927,train
28930,holdout
28933,holdout
28719,validation
28561,train
28565,validation
28437,train
28254,train
27813,validation
27817,train
27818,train
39261,train
39262,holdout
38991,holdout
38998,train
38879,train
38882,validation
38513,train
38516,train
38356,train
38365,holdout
38155,train
38158,train
43488,validation
43490,holdout
43312,validation
43000,train
43002,holdout
42845,validation
42848,train
42851,train
42852,train
42854,holdout
42726,train
42733,validation
42615,train
47551,train
47284,validation
47285,train
47288,train
47164,train
47041,validation
47042,holdout
47044,validation
46737,train
46584,train
46591,train
46423,validation
46434,train
46258,train
51767,validation
51769,train
51644,train
51645,train
51647,validation
51514,train
51404,train
51414,train
51012,train
51015,train
50873,validation
50639,train
55968,validation
55806,train
55807,train
55319,train
54905,holdout
54911,holdout
60072,train
59986,train
59989,train
59991,train
59993,holdout
59700,holdout
59703,train
59542,holdout
59543,train
59544,holdout
59545,train
59383,holdout
59240,train
59244,train
58982,validation
58991,train
64761,train
64564,train
64576,validation
64410,validation
64417,train
64260,holdout
64126,validation
63994,holdout
63863,validation
63673,validation
63478,train
69382,validation
68882,train
68883,train
68645,train
68249,holdout
67938,train
67944,validation
73945,train
73825,train
73826,validation
73830,train
73838,holdout
73695,train
73707,train
73446,train
73447,train
73449,train
73450,train
73454,train
73127,validation
79035,train
78664,holdout
78671,train
78495,train
78502,train
78262,train
78266,train
78267,train
78071,validation
77962,train
77815,train
77819,holdout
77650,validation
77467,holdout
83889,train
83891,train
83894,train
83896,train
83761,train
83764,holdout
83225,train
83050,train
82850,train
82858,train
82859,train
82632,holdout
88807,train
88615,train
88616,train
88620,holdout
88624,validation
88519,train
88393,train
88394,holdout
88396,train
88218,train
87840,holdout
87843,train
87681,train
93249,validation
92759,train
92650,validation
92403,holdout
92247,train
92085,validation
92089,train
92091,train
97834,train
97697,train
97539,train
97547,train
97516,train
97113,train
97114,train
97121,train
97124,train
97126,train
96914,train
96921,validation
96924,train
96925,holdout
96768,train
96605,train
96610,train
102659,train
102664,train
102484,train
102350,train
102245,train
102248,holdout
102250,train
102252,validation
102253,train
102077,holdout
102083,train
101679,train
101488,train
101490,validation
101308,validation
101313,train
101208,train
107011,train
106869,train
106871,train
106746,train
106653,train
106656,holdout
106544,train
106550,train
106418,train
106426,train
106176,train
106181,train
106048,holdout
106050,train
106053,holdout
112118,train
111484,train
111490,train
110873,train
110876,validation
110881,train
110667,validation
110669,validation
110508,train
110516,validation
112265,validation
112259,train
121836,holdout
121686,train
121489,validation
121300,holdout
121102,holdout
121104,train
120934,train
120935,holdout
120936,validation
127032,validation
126769,validation
126776,train
126169,holdout
126173,validation
125982,train
125984,train
125987,train
125786,holdout
125572,train
125573,train
125369,validation
125373,validation
125378,holdout
125169,validation
125174,validation
134278,train
134048,train
133818,train
133542,train
133089,holdout
133095,validation
133096,holdout
132907,train
132914,validation
132915,train
132716,train
132719,train
132720,train
132445,holdout
132448,holdout
139848,validation
139708,train
139537,validation
139543,validation
139264,train
139271,validation
138986,holdout
138723,train
138728,train
145642,train
145531,holdout
145368,holdout
145146,validation
144763,train
144549,train
144271,train
144273,holdout
144277,holdout
144279,holdout
158301,validation
158326,train
158343,train
158346,holdout
158112,train
164125,train
164129,train
164142,holdout
164144,holdout
164147,validation
164160,train
164180,train
163985,validation
170829,train
170835,train
170873,validation
170599,holdout
170603,train
170604,holdout
170606,validation
176871,validation
176650,validation
176691,train
176386,train
176387,validation
182035,train
182037,train
182042,train
182048,validation
182056,train
182078,train
181893,train
181901,train
186944,train
186777,train
186300,train
186303,validation
186041,train
185897,train
185566,train
185572,train
191261,validation
191167,validation
190725,train
190733,train
190562,train
190569,validation
190437,train
190438,train
190442,train
190254,validation
190166,validation
190074,train
190079,train
196289,train
196297,train
196205,holdout
195990,train
195994,train
195790,train
195793,validation
195799,holdout
195370,train
195377,train
195378,holdout
195379,holdout
195208,validation
201600,train
201615,train
201312,validation
201331,train
201337,holdout
201348,train
207497,validation
207508,validation
207518,train
207521,train
207526,train
207285,validation
207288,holdout
207290,train
207291,validation
207292,validation
207298,train
207318,train
207142,validation
207144,train
213542,validation
213603,holdout
213152,train
219836,holdout
219580,train
219581,holdout
219586,validation
219587,train
219589,train
219358,train
219141,train
219143,train
218821,train
218577,train
218578,train
218579,train
218348,train
225676,train
225532,train
225360,holdout
225361,validation
225154,validation
225161,train
224928,holdout
224934,train
224936,train
224941,train
224944,train
224708,train
224720,train
224544,validation
224546,train
231838,validation
231844,holdout
231690,train
231438,train
231440,train
231441,validation
231442,holdout
231294,train
231303,train
231072,train
231076,holdout
230840,train
230841,train
230844,holdout
230851,train
230553,holdout
230555,train
230561,holdout
230563,holdout
230278,train
237698,train
237702,train
237705,validation
237709,validation
237522,train
237526,train
237529,train
237337,validation
237129,train
237130,holdout
237135,validation
236962,holdout
236825,validation
236833,holdout
236676,train
236680,train
242830,validation
242839,train
242531,train
242532,train
242335,train
242336,holdout
242337,validation
242340,train
242342,train
242343,validation
242156,train
241990,holdout
241798,train
248299,validation
248302,train
248312,holdout
248168,train
248013,train
248021,train
247902,train
247906,train
247908,train
247725,train
247726,holdout
247604,train
253599,validation
253412,train
253417,holdout
253419,train
253422,train
253242,train
253253,train
252925,validation
252927,validation
252929,holdout
252932,holdout
252830,train
252837,validation
252841,holdout
252843,train
258525,validation
258528,train
258529,validation
258532,train
258534,validation
258364,holdout
258241,validation
258122,holdout
257935,train
257941,validation
257788,validation
257789,train
257790,train
257792,train
257793,train
257795,train
257618,holdout
257624,train
263278,validation
263053,holdout
262888,train
262889,train
262891,train
262905,holdout
262739,validation
262740,train
262488,validation
262382,train
262385,train
268726,train
268737,train
268739,validation
268577,train
268579,train
268455,validation
268456,train
268308,holdout
268066,train
268069,train
267858,train
267557,holdout
273565,holdout
273576,train
273312,train
273314,train
273138,holdout
273140,validation
273142,validation
273148,validation
272735,validation
273876,holdout
283131,validation
283134,train
283149,holdout
282942,train
282946,train
282625,train
282520,train
287930,train
287942,train
287733,train
287741,train
287742,train
287747,train
287580,train
287587,holdout
287588,train
287410,train
287187,train
287056,train
287060,train
287066,train
286904,train
292574,train
292340,train
292343,validation
292344,train
292345,holdout
292348,validation
292198,train
292059,train
292061,train
291927,train
291935,validation
291784,validation
291608,train
292769,train
292770,train
292763,validation
301454,validation
301456,validation
301461,train
301356,train
301358,train
301361,train
301362,holdout
301365,holdout
301279,validation
301284,train
301121,train
301123,train
301125,holdout
300923,train
300931,validation
300934,holdout
300741,train
300746,holdout
300565,train
300568,holdout
305943,train
305944,train
305946,holdout
305951,train
305954,train
305956,train
305958,validation
305651,validation
305653,validation
305434,train
305439,holdout
305444,train
305274,holdout
305188,train
305192,validation
305195,train
305023,train
305024,validation
304909,train
304912,train
310104,train
310105,validation
309803,train
309806,train
309652,holdout
309469,train
309366,train
314369,train
314372,holdout
314376,validation
314378,holdout
314386,train
314188,holdout
313969,holdout
313977,train
313867,train
313868,train
313780,train
313785,holdout
313786,train
313673,train
319842,train
319845,train
319653,train
319657,holdout
319661,train
319662,train
319664,train
319463,train
319122,train
319126,train
318998,train
318999,train
319001,train
319002,train
319003,train
319007,validation
319008,train
318827,train
318831,train
318833,train
318840,train
318637,train
318639,train
318640,holdout
325417,train
325419,holdout
325423,train
325129,train
324878,train
324880,train
324645,train
324411,validation
324416,train
324426,train
329701,holdout
329702,holdout
329708,validation
329709,train
329713,train
329714,train
329579,train
329586,train
329588,holdout
329592,train
329417,train
329419,train
329198,train
329203,train
329096,train
329099,train
328961,holdout
333802,train
333810,train
333628,train
333587,holdout
333592,train
333317,train
333320,train
333324,train
333202,train
333205,validation
333206,train
333208,train
333121,holdout
338374,train
338376,validation
338257,train
338265,train
338146,holdout
338150,validation
338151,validation
338153,train
337987,train
338004,validation
337824,holdout
337582,holdout
337583,train
337590,holdout
337596,train
342925,validation
342777,validation
342562,train
342571,train
342572,holdout
342387,train
342388,train
342390,train
342098,train
347204,train
346994,train
346995,holdout
346998,train
347004,train
347015,train
346821,train
346663,train
346664,validation
346665,train
346668,holdout
346670,train
346682,validation
346683,train
346488,validation
346489,train
346491,train
346492,train
351528,train
351529,validation
351424,train
351431,train
351432,train
351434,train
351259,train
351055,train
350764,holdout
350766,validation
350774,validation
350778,train
350784,holdout
355222,train
355223,validation
355116,train
355117,train
355121,train
354977,train
354978,validation
354982,train
354852,train
354857,train
354861,train
354762,train
354646,validation
354471,train
354475,train
354477,train
354347,train
359759,holdout
359571,holdout
359574,train
359579,train
359398,holdout
359400,train
359406,holdout
359407,holdout
359411,train
359267,holdout
359276,train
359033,train
363521,holdout
363522,train
363525,validation
363528,train
363534,train
363538,train
363429,train
363437,validation
363362,train
363254,train
363258,validation
363149,validation
363153,train
363158,train
363029,train
363036,train
362893,train
362898,train
362902,train
367828,train
367832,holdout
367833,train
367685,train
367695,train
367556,train
367558,train
367559,holdout
367472,holdout
367478,validation
366879,train
366880,holdout
366768,train
366769,train
366771,validation
366776,train
366777,holdout
366606,validation
366608,train
366616,validation
372014,holdout
372016,train
372024,train
372033,train
372034,validation
372035,validation
372036,train
371866,train
371867,train
371869,train
371871,holdout
371722,validation
371729,validation
371734,train
371736,train
371737,train
371588,train
371589,train
371600,holdout
371441,train
371445,validation
376485,train
376488,train
376490,validation
376492,train
376494,holdout
376332,train
376333,train
376336,train
376342,train
376358,train
376224,train
376110,validation
376116,train
376117,train
376120,train
375959,train
375963,train
375965,holdout
375970,validation
375971,holdout
381592,holdout
381594,train
381595,train
381442,train
381444,holdout
381451,train
381452,train
381455,train
381309,holdout
381310,train
381322,validation
381323,validation
381324,validation
381327,train
381092,train
381101,train
381102,train
381106,holdout
381078,validation
381080,train
385721,validation
385727,train
385732,train
385629,train
385630,train
385639,train
385647,train
385493,train
384959,validation
384960,train
384963,holdout
384841,train
384853,holdout
384715,train
384724,train
384576,holdout
384580,train
389661,holdout
389683,train
389515,train
389517,train
389527,train
389352,holdout
389360,validation
389203,train
389204,validation
389208,validation
389211,validation
389214,train
389216,train
389028,train
389029,train
394854,train
394859,train
394866,train
394869,holdout
394706,validation
394710,train
394718,train
394580,train
394581,train
394587,train
394435,train
394437,holdout
394444,holdout
394317,train
394322,train
394323,train
394327,train
394329,validation
394171,train
394172,validation
399252,validation
399257,holdout
399119,train
398980,train
398985,validation
398991,train
398992,validation
399001,train
399004,validation
399005,train
398831,train
398833,holdout
398835,train
398854,train
398857,validation
398713,train
398714,train
398716,train
398718,train
398719,train
403871,holdout
403874,validation
403875,train
403877,holdout
403879,train
403881,train
403884,train
403887,train
403715,train
403719,train
403725,holdout
403727,train
403731,train
403610,holdout
403611,train
403614,train
403615,holdout
403469,train
403471,holdout
403473,train
403482,holdout
403330,holdout
403331,holdout
403332,train
407934,train
407938,holdout
407941,train
407952,train
407787,train
407788,train
407796,train
407807,train
407808,validation
407809,train
407633,validation
407649,train
407650,holdout
407656,validation
411940,train
411942,holdout
411945,holdout
411947,validation
411948,train
411813,train
411819,validation
411821,validation
411826,holdout
411706,train
411709,holdout
411710,train
411716,train
411719,train
411574,train
411584,train
411593,holdout
411596,train
411597,train
411447,holdout
415649,validation
415650,validation
415658,holdout
415659,train
415537,holdout
415442,validation
415451,train
415454,holdout
415338,train
415341,train
415349,train
415215,holdout
415216,train
419896,train
419899,train
419903,holdout
419912,validation
419914,train
419915,validation
419730,train
419736,train
419742,train
419750,train
419598,train
419470,train
419475,holdout
419480,train
419485,train
419348,train
419349,train
424785,validation
424786,train
424793,train
424796,train
424598,train
424601,train
424442,holdout
424463,train
424264,train
424286,holdout
424287,train
424289,validation
424297,train
424298,train
429299,holdout
429308,holdout
429311,train
429177,train
429180,validation
429188,validation
429192,holdout
429021,holdout
429022,train
429026,holdout
429027,train
429036,holdout
428890,train
428892,train
428894,train
428895,train
433755,holdout
433762,train
433585,validation
433595,train
433611,train
433426,train
433428,train
433438,train
433442,train
433447,holdout
433273,train
433274,train
433276,train
433278,train
433283,validation
433284,validation
438665,holdout
438669,validation
438672,train
438673,train
438677,holdout
438687,holdout
438692,validation
438500,holdout
438505,train
438508,train
438509,train
438510,train
438513,validation
438515,train
438516,train
438363,holdout
438365,train
438368,holdout
438369,holdout
438378,train
438076,validation
438080,validation
438087,validation
438092,holdout
437900,validation
443927,holdout
443933,holdout
443938,train
443939,holdout
443940,validation
443945,train
443779,validation
443788,train
443794,train
443647,validation
443526,validation
443534,validation
443538,train
448442,train
448446,train
448450,train
448455,train
448456,validation
448462,train
448467,validation
448471,train
448289,train
448292,validation
448293,train
448296,validation
448304,train
448089,train
448097,train
452858,train
452868,holdout
452869,holdout
452735,train
452744,holdout
452750,validation
452625,train
452626,holdout
452628,validation
452634,validation
452636,holdout
452639,train
452467,train
452470,holdout
452477,holdout
452487,validation
452489,train
457064,train
457066,train
457067,train
457082,train
457086,train
457088,holdout
456923,holdout
456924,train
456925,holdout
456933,train
456943,holdout
456946,validation
456949,train
456953,train
456797,train
456798,train
456807,validation
456811,validation
456812,train
456815,train
456817,holdout
461629,train
461646,validation
461487,validation
461488,train
461489,train
461494,holdout
461503,train
461509,holdout
461324,holdout
461326,train
461330,validation
461332,train
461333,holdout
461340,train
461360,train
461362,train
461163,train
461791,train
461783,train
461794,validation
461793,train
461778,train
471503,holdout
471521,holdout
471273,validation
471277,train
471281,train
471284,train
471289,train
471292,train
471294,holdout
471297,train
471302,train
471309,train
471312,validation
471313,validation
471112,train
471123,train
471126,validation
471130,holdout
470950,train
477027,train
477030,train
477032,train
477033,holdout
477036,train
477037,train
477039,train
477041,train
477044,holdout
477057,validation
477064,train
476866,train
476870,train
476871,train
476669,train
476670,train
476671,train
476672,train
476673,train
476678,train
476679,train
476489,train
476492,validation
476496,validation
476498,train
476333,validation
476335,train
481843,train
481849,holdout
481860,holdout
481867,holdout
481723,validation
481729,holdout
481731,validation
481732,holdout
481739,holdout
481601,holdout
481603,train
481605,validation
481607,train
481608,train
481611,train
481612,holdout
481454,validation
481455,holdout
481458,train
481459,validation
481470,train
481471,validation
481472,validation
481474,validation
481294,validation
481295,validation
481302,holdout
481304,train
486438,train
486439,validation
486440,train
486442,train
486443,train
486444,train
486445,train
486448,validation
486597,train
486599,holdout
486603,train
486604,train
486609,holdout
486612,train
486783,train
486784,train
486790,train
486793,train
486942,validation
486943,train
486947,train
486953,train
487116,train
487119,train
487121,holdout
487126,validation
487137,train
487140,train
487141,validation
487142,holdout
491291,train
491292,train
491294,train
491295,train
491296,train
491405,train
491406,train
491409,validation
491410,train
491414,train
491419,train
491421,train
491422,train
491425,validation
491520,train
491525,train
491530,train
491531,holdout
491536,holdout
491537,validation
491541,holdout
491542,validation
491547,holdout
491549,validation
491685,train
491686,train
491691,train
491693,holdout
491698,holdout
491710,train
496811,train
496812,train
496813,holdout
496814,validation
496815,train
496822,train
496826,validation
496827,train
496828,train
496833,train
496842,train
496849,train
496854,validation
496860,train
496636,train
496642,validation
496644,holdout
496650,holdout
496655,train
496660,holdout
496665,validation
496669,train
496670,train
496672,train
496675,train
496676,validation
503009,validation
503013,train
503015,train
503016,holdout
503017,holdout
503031,train
503032,validation
503033,train
503034,holdout
503035,train
503040,validation
502834,holdout
502839,holdout
502840,train
502844,train
502854,train
502858,train
502863,train
502614,train
502617,holdout
502625,holdout
502630,train
502632,validation
502637,train
502639,train
508165,train
508167,holdout
508170,validation
508172,train
508176,train
508177,holdout
508195,train
507965,train
507966,holdout
507969,train
507971,train
507975,holdout
507976,holdout
507980,train
507982,train
507983,train
507984,validation
507988,train
507989,train
507793,train
507795,train
507796,train
507797,train
507802,train
507803,train
507805,train
507810,validation
507818,train
507824,validation
507826,train
513133,train
513134,holdout
513137,holdout
513139,validation
513141,holdout
513142,holdout
513144,holdout
513145,train
513147,train
513150,validation
513151,validation
513272,train
513273,holdout
513276,validation
513282,train
513284,train
513286,holdout
513287,train
513289,holdout
513393,train
513396,train
513398,holdout
513399,train
513403,holdout
513407,holdout
513417,train
513420,validation
513427,train
513430,train
513434,train
517691,holdout
517692,train
517693,holdout
517697,holdout
517698,train
517699,train
517701,holdout
517703,train
517706,train
517713,train
517895,train
517897,train
517898,train
517902,validation
517905,holdout
517908,train
517909,train
517915,train
517924,holdout
517927,train
518049,train
518053,holdout
518056,train
518057,train
518058,train
518062,holdout
518066,train
518071,train
518075,validation
518076,train
522239,validation
522253,validation
522256,train
522258,holdout
522260,holdout
522261,train
522403,validation
522405,holdout
522407,validation
522408,train
522410,train
522416,holdout
522421,validation
522422,holdout
522568,train
522569,train
522570,train
522572,holdout
522574,train
522578,train
522582,holdout
522585,validation
522586,train
522589,holdout
522591,train
522595,holdout
522700,holdout
522705,train
522709,validation
522710,train
527258,train
527271,holdout
527278,train
527412,train
527414,train
527415,train
527421,train
527422,holdout
527423,train
527428,train
527429,train
527430,train
527431,train
527432,train
527434,train
527435,train
527573,train
527579,train
527580,validation
527584,train
527587,holdout
527588,holdout
527589,train
527593,train
527744,train
527745,holdout
527749,holdout
527754,train
527759,train
527762,validation
532482,train
532485,train
532486,validation
532499,validation
532743,train
532745,holdout
532748,train
532753,train
532754,train
532756,train
532764,validation
532765,train
532767,train
532769,holdout
532770,holdout
532774,holdout
532780,train
532781,train
532785,validation
532787,train
532790,train
532910,holdout
532911,holdout
532915,train
532921,validation
532922,holdout
532927,train
532933,validation
532938,train
532939,holdout
537979,train
537983,train
537984,train
537985,train
537988,train
537993,holdout
537994,train
537999,train
538000,train
538166,validation
538168,validation
538174,train
538177,train
538178,train
538179,train
538180,train
538181,train
538184,train
538187,holdout
538316,validation
538317,holdout
538320,holdout
538321,validation
538322,train
538324,holdout
538462,train
538463,train
538468,train
538471,train
538477,train
543918,train
544161,train
544162,train
544163,train
544166,validation
544169,train
544170,validation
544173,train
544174,train
544178,train
544179,holdout
544183,train
544185,train
544191,train
544192,holdout
544193,validation
544194,holdout
544359,train
544361,validation
544364,train
544367,validation
544370,validation
544375,train
544377,holdout
544397,holdout
544398,validation
544401,train
544402,train
544403,train
544406,train
550419,holdout
550577,train
550579,train
550580,holdout
550585,validation
550591,holdout
550598,train
550601,train
550602,train
550604,train
550607,train
550772,train
550774,holdout
550775,train
550776,holdout
550783,train
550788,train
550791,train
550794,train
550937,train
550940,train
550942,train
550943,train
550946,validation
550948,holdout
550949,holdout
550950,train
550952,holdout
550958,holdout
550960,train
551093,holdout
551074,holdout
551095,train
551090,train
551077,validation
551085,train
551089,train
551082,validation
551078,train
551092,holdout
551076,train
551075,train
551086,train
551079,validation
551096,train
562869,holdout
562871,holdout
562872,validation
562876,train
562877,holdout
562879,train
562886,train
562891,train
562896,validation
562898,validation
562901,validation
562902,train
563110,train
563111,validation
563114,train
563115,validation
563125,holdout
563127,train
563137,holdout
563140,holdout
563143,train
563145,validation
563149,train
563159,validation
563160,train
563162,validation
563163,holdout
563164,validation
563165,train
563167,holdout
569827,validation
569828,validation
569829,train
569830,train
569838,train
569841,train
569844,train
569845,holdout
569851,train
569853,holdout
569854,train
569855,holdout
569857,train
569859,train
569861,validation
569867,train
569876,train
569881,train
570042,train
570043,holdout
570052,train
570054,validation
570060,validation
570064,train
570065,train
570071,validation
570072,validation
570073,validation
570076,holdout
570078,train
575319,train
575321,train
575326,train
575332,train
575336,holdout
575339,train
575347,train
575349,train
575515,validation
575517,train
575521,validation
575525,validation
575529,holdout
575530,holdout
575540,train
575542,train
575545,train
575546,train
575668,validation
575670,holdout
575672,train
575673,train
575682,train
575683,train
575684,validation
575688,train
575691,validation
575693,train
575700,validation
575701,train
581192,holdout
581194,holdout
581200,train
581201,holdout
581202,train
581205,train
581206,train
581215,holdout
581221,validation
581222,holdout
581224,train
581227,holdout
581228,holdout
581239,validation
581386,holdout
581387,holdout
581389,holdout
581391,holdout
581392,train
581398,train
581402,validation
581405,validation
581409,train
581410,holdout
581413,validation
581416,holdout
581419,train
581424,train
581425,holdout
581431,train
587038,holdout
587040,train
587048,train
587052,train
587055,train
587056,train
587057,validation
587058,train
587064,train
587218,holdout
587221,train
587222,train
587223,train
587228,holdout
587231,validation
587232,train
587234,train
587237,train
587240,train
587245,train
587247,validation
587248,train
587254,train
587256,holdout
587257,holdout
587259,train
587264,validation
587266,validation
587270,validation
587271,validation
592345,train
592347,validation
592350,validation
592352,train
592358,train
592360,holdout
592363,validation
592366,train
592371,validation
592372,train
592530,train
592531,holdout
592532,train
592538,train
592542,holdout
592545,train
592697,holdout
592701,holdout
592703,train
592706,holdout
592707,holdout
592708,train
592709,train
592713,train
592714,train
592716,train
592719,train
592720,train
592721,train
592722,train
597454,train
597460,train
597466,train
597606,validation
597608,train
597609,validation
597610,validation
597614,holdout
597620,holdout
597621,train
597622,train
597624,train
597628,train
597629,holdout
597634,train
597635,holdout
597637,validation
597641,validation
597747,train
597750,validation
597752,validation
597754,holdout
597758,train
597761,train
597764,holdout
597765,validation
597767,train
597768,holdout
597774,holdout
597778,train
602184,train
602185,train
602189,train
602197,train
602200,train
602352,train
602353,holdout
602357,holdout
602358,train
602363,train
602365,train
602366,validation
602367,train
602373,train
602377,holdout
602378,train
602379,train
602386,holdout
602388,train
602390,holdout
602392,train
602549,train
602550,holdout
602552,holdout
602561,train
602564,validation
602565,train
602566,train
602569,train
602574,validation
607239,train
607241,train
607243,train
607244,train
607245,train
607413,holdout
607417,train
607419,validation
607421,validation
607425,train
607429,train
607430,train
607438,train
607440,train
607450,train
607459,train
607596,train
607597,train
607598,holdout
607599,validation
607601,train
607602,train
607605,holdout
607607,train
607609,train
607616,train
607618,train
607619,validation
607626,train
607627,train
607770,holdout
607774,train
607772,train
607782,holdout
607771,validation
607787,train
607767,holdout
607793,holdout
607794,validation
607773,train
607796,train
607769,train
607780,holdout
607783,train
607776,validation
607778,train
607789,holdout
607779,validation
607786,validation
607775,train
607777,train
617150,train
617151,train
617154,train
617166,validation
617169,train
617171,train
617321,train
617322,holdout
617323,train
617325,validation
617326,holdout
617328,train
617329,train
617333,validation
617337,train
617338,train
617339,train
617340,train
617350,validation
617354,train
617355,train
617359,train
617362,validation
617465,train
617471,train
617474,train
617480,train
617483,validation
617490,validation
617491,train
622149,train
622154,train
622155,train
622158,holdout
622300,train
622304,train
622307,train
622312,holdout
622316,holdout
622321,train
622324,validation
622330,train
622331,train
622333,train
622335,train
622475,validation
622476,train
622478,train
622480,validation
622484,train
622491,holdout
622493,holdout
622496,holdout
622505,validation
622506,validation
622507,holdout
622509,validation
622516,train
622517,validation
622519,train
626198,train
626200,train
626202,train
626207,validation
626209,holdout
626328,holdout
626329,holdout
626334,validation
626335,train
626337,validation
626341,train
626468,train
626474,validation
626475,holdout
626477,train
626478,train
626480,holdout
626482,validation
626484,validation
626485,train
626488,train
626490,train
626598,validation
626605,holdout
626611,holdout
626615,validation
626619,train
626622,validation
626624,train
626626,train
631361,train
631365,holdout
631368,train
631379,train
631380,train
631381,train
631384,train
631599,holdout
631603,validation
631607,train
631608,train
631611,train
631612,train
631616,train
631618,train
631621,validation
631625,train
631626,holdout
631627,train
631803,holdout
631806,train
631810,train
631811,holdout
631814,train
631815,train
631816,train
631817,validation
631822,validation
631831,train
631832,train
636184,holdout
636185,validation
636187,train
636191,train
636193,validation
636198,train
636206,train
636338,train
636341,train
636345,validation
636351,train
636356,train
636366,train
636368,validation
636492,holdout
636493,train
636497,validation
636499,train
636501,train
636502,train
636504,train
636505,validation
636506,holdout
636508,validation
636512,train
636515,train
636516,validation
636521,validation
636522,train
636526,train
640742,validation
640747,validation
640748,validation
640754,holdout
640762,train
640885,holdout
640891,holdout
640892,train
640893,train
640894,train
640903,train
640906,train
640907,train
640910,holdout
640913,validation
640914,train
640915,train
641032,train
641033,train
641034,train
641035,train
641036,train
641038,validation
641039,train
641042,train
641048,validation
641049,validation
641050,validation
641053,train
641054,holdout
645098,train
645101,train
645105,holdout
645107,train
645108,train
645110,train
645112,train
645115,train
645116,validation
645117,validation
645119,train
645120,train
645122,validation
645125,train
645249,train
645258,train
645263,train
645278,train
645370,train
645371,holdout
645373,holdout
645379,validation
645380,holdout
645382,validation
645389,train
645394,train
645395,holdout
645396,train
645400,train
645402,train
645479,train
645502,holdout
645495,train
645484,holdout
645477,train
645488,train
645501,validation
645496,train
645500,holdout
645487,train
645481,train
645478,validation
645485,train
645494,train
645493,train
645498,holdout
649685,train
649686,holdout
649687,validation
649688,train
649701,train
649702,train
649703,validation
649705,train
649707,train
649710,holdout
649711,train
649714,holdout
649715,train
649716,train
649719,validation
649722,validation
649726,train
649729,validation
649732,train
649734,train
649735,validation
649736,train
649738,train
649748,train
649749,holdout
649750,holdout
649751,train
649752,train
649753,train
649754,holdout
658395,train
658396,holdout
658397,train
658399,train
658400,train
658402,train
658406,validation
658413,train
658532,train
658537,train
658543,validation
658549,validation
658553,train
658554,train
658555,holdout
658556,train
658564,validation
658565,train
658673,train
658674,train
658675,validation
658678,validation
658679,holdout
658680,train
658683,train
658686,train
658690,train
658692,train
658706,holdout
658710,validation
663117,validation
663119,validation
663122,validation
663128,holdout
663286,train
663290,holdout
663291,train
663293,holdout
663295,train
663297,train
663298,validation
663299,holdout
663305,validation
663312,train
663428,train
663430,validation
663432,holdout
663435,train
663440,train
663442,holdout
663443,holdout
663446,validation
663447,train
663448,train
663576,validation
663577,train
663588,holdout
663591,train
663592,train
663596,holdout
667844,validation
667845,train
667847,validation
667850,validation
667852,train
667855,train
667856,train
667861,train
667862,train
667869,validation
667870,holdout
667873,train
668041,train
668042,validation
668043,train
668045,train
668049,train
668052,validation
668053,train
668210,validation
668212,holdout
668213,train
668215,validation
668216,train
668220,holdout
668225,train
668230,holdout
668231,train
668233,train
668237,train
672553,train
672554,holdout
672556,holdout
672561,train
672567,train
672575,train
672696,holdout
672700,train
672701,holdout
672704,train
672706,validation
672709,train
672710,validation
672713,train
672715,train
672718,train
672845,holdout
672848,train
672849,train
672859,train
672864,validation
672958,train
672964,train
672967,train
672968,train
672969,validation
672970,holdout
672973,train
672975,train
672979,train
676864,train
676865,train
676866,train
676867,train
676868,train
676871,train
676874,train
676991,holdout
676992,validation
676995,train
676998,train
677000,train
677007,train
677015,train
677018,train
677021,validation
677029,train
677034,train
677035,validation
677036,train
677040,validation
677197,train
677198,train
677201,train
677210,train
677211,train
677212,validation
677213,validation
677218,train
677221,holdout
677342,train
677349,train
677341,train
677340,train
677350,train
677365,train
677344,validation
677362,train
677363,holdout
677375,train
677364,train
677356,validation
677354,train
677376,validation
677377,validation
677361,train
677368,holdout
677358,train
677355,train
681632,train
681672,train
681624,train
681642,train
681679,train
681650,validation
681659,train
681639,train
681654,holdout
681626,holdout
681623,validation
681634,train
681622,holdout
681620,train
681683,holdout
681686,validation
681678,train
681682,validation
681629,validation
693135,holdout
693322,holdout
693325,holdout
693326,train
693327,train
693329,train
693331,train
693334,train
693337,train
693341,train
693475,train
693476,train
693478,validation
693479,train
693489,holdout
693491,validation
693500,train
693502,train
693504,holdout
693680,train
693682,train
693685,train
693686,train
693690,validation
693691,holdout
693692,holdout
693693,holdout
693694,train
693695,train
693700,train
693835,train
693837,train
693866,train
693861,train
693877,train
693873,validation
693860,train
693859,validation
693874,train
693875,train
693846,train
693836,train
693856,train
693870,validation
693840,train
693849,train
693839,holdout
693869,train
693857,train
693878,train
693868,validation
704698,validation
704702,holdout
704709,validation
704711,holdout
704722,validation
704732,validation
704737,train
704741,train
704744,holdout
704746,train
704503,validation
704508,train
704509,validation
704511,validation
704515,validation
704525,holdout
704529,validation
704531,train
704534,holdout
704165,validation
704169,validation
704170,validation
704174,validation
704176,train
704179,train
704180,validation
704181,train
710182,validation
710183,train
710190,train
710191,train
710192,train
710195,validation
710196,holdout
710197,validation
710204,validation
710212,validation
710371,train
710373,train
710375,validation
710376,train
710377,validation
710379,train
710388,train
710389,validation
710396,holdout
710399,train
710401,train
710409,train
710525,validation
710530,train
710532,train
710533,train
710539,holdout
710541,train
710542,train
710545,holdout
716737,validation
716738,train
716744,holdout
716745,holdout
716747,train
716755,holdout
716756,train
716757,validation
716578,holdout
716581,validation
716586,validation
716591,train
716603,train
716605,train
716385,train
716388,train
716391,train
716393,train
716394,train
716406,train
716407,holdout
716408,train
716411,train
716264,train
716265,holdout
716266,holdout
716267,train
716272,train
721864,validation
721865,train
721866,train
721867,train
721870,train
722012,train
722014,validation
722022,validation
722026,train
722028,validation
722041,train
722042,train
722043,train
722193,validation
722194,validation
722201,train
722202,train
722204,train
722206,train
722210,train
722211,train
722213,validation
722215,train
722222,train
722225,holdout
722226,train
722228,holdout
722232,validation
722233,train
722235,train
727683,train
727685,train
727686,holdout
727690,train
727691,train
727694,train
727705,train
727708,train
727716,holdout
727718,train
727529,train
727531,train
727532,train
727533,validation
727536,train
727537,train
727543,train
727551,train
727554,train
727555,holdout
727556,holdout
727557,train
727560,train
727564,train
727566,train
727567,holdout
727368,holdout
727369,holdout
727377,train
727385,train
732560,validation
732563,holdout
732567,train
732570,train
732591,train
732599,holdout
732359,validation
732360,train
732361,train
732364,train
732365,train
732374,holdout
732376,train
732377,validation
732385,holdout
732206,train
732209,train
732215,validation
738863,validation
738869,validation
738874,holdout
738875,train
738877,validation
739022,train
739065,train
739087,train
738620,validation
738623,validation
738624,train
738625,holdout
738626,train
738627,train
738638,train
738639,train
738642,holdout
738472,train
738473,validation
738476,holdout
738477,holdout
738479,train
738480,train
738481,holdout
738484,train
738485,holdout
744613,train
744616,validation
744618,validation
744629,holdout
744631,validation
744633,train
744643,validation
744644,train
744733,train
744735,train
744737,train
744738,train
744740,train
744742,validation
744743,validation
744755,holdout
744760,train
744376,train
744380,train
744389,validation
744391,train
744395,validation
744397,train
744398,holdout
744399,train
750552,train
750629,train
750318,train
750325,train
750327,train
750332,train
750333,train
750334,train
750344,train
750345,train
750451,train
750115,train
750128,train
750130,train
750131,train
750134,train
750135,train
750136,train
750219,train
750221,train
755729,validation
755730,validation
755731,holdout
755740,holdout
755879,holdout
755881,train
755882,train
755885,holdout
755886,train
755894,train
755895,holdout
755993,train
755994,holdout
755995,validation
755998,train
755999,holdout
756002,train
756004,train
756096,holdout
756099,train
756101,train
756102,train
756163,train
756164,train
756165,train
756166,train
756236,train
756238,train
756241,train
756244,validation
761009,train
761010,holdout
761013,train
761015,holdout
761016,holdout
761019,train
761020,holdout
761024,train
761025,train
761029,train
761035,validation
761036,train
761039,holdout
761040,train
761049,holdout
761051,holdout
760829,holdout
760836,train
760848,train
760851,train
760854,validation
760857,train
760867,validation
760871,validation
765449,train
765452,train
765454,validation
765462,train
765468,train
765302,train
765308,train
765321,train
765325,validation
765171,holdout
765173,train
765184,train
765197,holdout
765011,train
765012,holdout
765013,train
765015,train
765021,train
765031,train
769911,holdout
769914,validation
769919,train
769920,train
769927,holdout
769938,train
769939,train
769940,train
769720,validation
769724,train
769737,train
769740,train
769742,validation
769745,train
769551,validation
769553,holdout
769561,validation
769562,train
769563,train
769564,validation
769566,train
769569,train
769570,train
769576,train
769580,train
769582,holdout
774506,train
774508,validation
774515,train
774528,train
774344,holdout
774347,validation
774348,train
774351,validation
774186,holdout
774210,train
774213,train
774219,train
774024,holdout
774026,validation
774027,validation
774033,train
774037,holdout
774038,train
779458,validation
779460,train
779461,train
779466,holdout
779467,train
779298,train
779300,train
779302,train
779303,train
779304,train
779307,train
779308,train
779313,train
779173,train
779177,holdout
779178,train
779186,train
779188,holdout
779189,train
779190,train
779191,train
779192,validation
779197,train
779200,train
779202,validation
779203,train
784578,train
784579,train
784581,train
784590,train
784594,train
784595,train
784596,train
784597,train
784600,train
784435,train
784438,train
784448,holdout
784455,validation
784463,train
784464,validation
784465,holdout
784467,train
784470,validation
784177,validation
784180,validation
784182,train
784187,train
784188,holdout
784195,train
784196,train
783981,train
783983,train
783984,holdout
789600,validation
789601,train
789608,train
789614,train
789811,validation
789812,validation
789813,train
789814,train
789818,holdout
789823,train
789824,train
789825,holdout
789826,validation
789828,train
789831,validation
789832,train
789833,train
789835,validation
789855,holdout
789857,train
790008,train
790011,train
790012,train
790015,train
790016,train
790020,train
790022,validation
790023,train
790029,validation
790034,holdout
795420,train
795421,train
795422,train
795423,validation
795426,train
795429,train
795430,holdout
795431,holdout
795432,holdout
795433,holdout
795434,validation
795439,holdout
795446,train
795447,validation
795630,train
795641,validation
795646,train
795831,train
795833,holdout
795835,train
795838,holdout
795840,validation
795845,train
796005,holdout
796008,train
796016,holdout
796018,train
796021,train
796025,train
796030,train
801633,holdout
801644,holdout
801648,train
801651,train
801653,validation
801849,holdout
801851,holdout
801852,train
801856,train
801859,holdout
801864,train
801866,validation
801870,train
801872,train
801878,train
801882,train
801883,train
801885,holdout
802068,holdout
802069,train
802070,train
802071,train
802080,train
802081,holdout
802082,holdout
802083,validation
802084,train
802088,validation
802089,train
802093,validation
807316,train
807318,train
807319,validation
807325,train
807336,validation
807338,validation
807341,holdout
807353,validation
807480,validation
807481,holdout
807487,train
807489,validation
807493,validation
807494,train
807495,holdout
807497,train
807500,train
807502,train
807503,holdout
807505,train
807507,validation
807510,validation
807512,train
807515,validation
807517,holdout
807657,holdout
807659,validation
807662,train
807668,train
807673,train
812694,validation
812695,validation
812704,train
812705,validation
812706,train
812719,validation
812566,train
812573,train
812575,train
812578,train
812579,train
812581,validation
812362,validation
812364,train
812370,train
812375,validation
812377,train
812379,train
812388,train
812392,train
818058,train
818060,train
818065,train
818068,train
818069,validation
818073,train
817879,holdout
817881,holdout
817883,train
817885,train
817886,validation
817705,holdout
817708,train
817709,validation
817713,train
817719,train
817720,holdout
817723,validation
817529,train
817544,train
817546,holdout
817551,train
823149,validation
823150,train
823156,validation
823166,holdout
823167,validation
823175,train
822937,train
822941,holdout
822943,train
822945,holdout
822953,holdout
822955,train
822956,train
822957,train
822963,holdout
822968,train
822969,train
822975,holdout
822755,holdout
822757,train
822759,train
822767,train
822773,train
822774,holdout
822777,train
823286,validation
823284,validation
823297,holdout
823283,train
823291,train
823294,holdout
823292,train
833895,train
833915,train
833918,holdout
833923,validation
833925,holdout
833926,train
833927,validation
833706,train
833710,validation
833724,train
833725,train
833732,train
833529,train
833530,train
839148,train
839158,train
839159,train
839161,train
839168,train
839173,train
839012,holdout
839018,train
839022,train
839027,holdout
839028,train
838867,validation
838872,train
838879,holdout
838880,holdout
838695,holdout
838696,train
838698,holdout
838540,train
838544,validation
838545,train
843893,train
843907,validation
843908,train
843913,validation
843921,train
843933,train
843937,holdout
843746,train
843750,train
843751,train
843754,train
843756,train
843559,train
843565,train
843569,train
848806,train
848807,train
848809,validation
848816,train
848830,train
848831,holdout
848832,train
848833,train
848836,validation
848622,holdout
848630,train
848631,validation
848635,validation
848637,holdout
848638,holdout
848646,train
848649,validation
848650,train
848656,train
848486,train
853617,train
853619,train
853620,train
853622,train
853625,holdout
853633,train
853637,validation
853640,train
853642,train
853484,validation
853486,train
853492,holdout
853493,train
853494,train
853495,train
853496,train
853499,holdout
853351,validation
853352,validation
853356,train
853358,train
853361,train
853363,train
853367,train
853371,train
853376,validation
853208,holdout
853209,train
853212,validation
858450,holdout
858460,train
858464,train
858467,train
858468,train
858473,train
858476,train
858484,train
858278,holdout
858279,train
858281,train
858283,train
858284,validation
858288,train
858292,validation
858293,validation
858297,holdout
858301,validation
858302,train
858303,train
858304,train
858305,train
858100,validation
858105,train
858108,holdout
858114,holdout
857978,train
857981,validation
857983,validation
857985,validation
863853,validation
863854,holdout
863855,train
863857,validation
863861,validation
863867,train
863869,train
863871,train
863872,holdout
863875,train
863881,train
863891,train
863896,train
863898,train
863905,holdout
863911,train
863692,validation
863694,train
863695,train
863698,validation
863706,validation
863708,train
863710,train
863712,train
863729,train
863509,train
863510,holdout
868898,train
868902,holdout
868904,train
868905,train
868908,train
868909,holdout
868916,train
868917,holdout
868918,train
868919,train
868643,holdout
868644,validation
868651,train
868652,train
868653,validation
868661,train
868662,holdout
868667,train
868668,train
868461,holdout
868464,train
868473,train
868314,validation
868316,train
868317,train
868320,train
868323,validation
868324,holdout
873793,train
873805,train
873806,train
873807,validation
873809,validation
873810,train
873811,train
873814,train
873815,train
873816,validation
873817,holdout
873822,train
873823,train
873825,holdout
873826,train
873672,validation
873673,holdout
873333,validation
873341,validation
879264,train
879265,train
879272,train
879275,validation
879278,validation
879427,train
879428,train
879429,holdout
879431,train
879432,validation
879433,train
879436,train
879438,validation
879439,holdout
879441,validation
879442,train
879449,train
879451,train
879454,holdout
879456,holdout
879457,train
879458,train
879582,validation
879583,validation
879585,validation
879586,train
879587,train
879606,holdout
879611,train
879613,train
884595,train
884600,train
884601,holdout
884602,train
884604,train
884615,train
884427,holdout
884436,train
884439,validation
884440,train
884240,holdout
884245,train
884246,train
884247,train
884253,train
884254,train
884265,train
884096,train
884097,train
889414,train
889417,validation
889418,train
889419,train
889428,train
889429,holdout
889431,holdout
889433,train
889434,holdout
889220,train
889221,train
889223,train
889232,holdout
889233,holdout
889238,holdout
889239,train
889240,train
889242,train
889252,train
889256,train
889258,holdout
889059,train
889063,train
894211,validation
894216,train
894226,validation
894230,validation
894232,train
894233,train
894235,validation
894250,train
894255,train
894073,validation
894075,train
894077,holdout
894083,train
894093,train
894095,validation
894099,train
894103,train
899027,holdout
899032,train
899033,train
898878,train
898879,holdout
898891,holdout
898709,train
898711,validation
898713,holdout
898714,validation
898722,train
898723,train
898726,train
898729,train
898732,holdout
898560,holdout
898568,train
898572,holdout
898580,holdout
898582,train
898401,train
903948,holdout
903951,holdout
903958,validation
903962,train
903963,holdout
903970,train
903812,holdout
903815,train
903718,train
903592,holdout
903469,train
908727,train
908728,train
908896,train
908897,train
908898,validation
908900,train
908902,train
908905,train
908908,validation
908909,train
908912,train
908913,train
908915,train
908920,holdout
908923,holdout
909068,validation
909071,train
909075,train
909077,validation
909079,train
909080,train
909093,validation
909222,holdout
909223,train
909225,train
909226,train
909229,train
909233,train
909242,train
909250,train
914620,train
914621,validation
914630,validation
914631,holdout
914632,train
914633,train
914634,train
914645,train
914437,train
914440,validation
914444,train
914445,validation
914452,train
914453,holdout
914283,train
914284,validation
914310,holdout
914311,train
914885,train
914878,train
914886,train
914900,holdout
914875,train
914891,holdout
914880,train
914881,validation
924751,train
924754,holdout
924756,validation
924757,train
924625,train
924628,train
924636,train
924460,train
924462,train
924476,holdout
924477,train
924481,train
924482,validation
924488,train
924309,train
924313,train
924314,holdout
924318,holdout
924324,train
924150,train
924154,train
929249,train
929093,train
929094,holdout
929098,validation
929115,holdout
928970,train
928981,train
928815,holdout
928816,train
928828,train
928829,train
928830,train
928831,train
928638,holdout
928650,train
928651,validation
928653,train
934331,holdout
934332,train
934333,validation
934334,train
934153,holdout
934162,train
934163,train
934164,holdout
933960,train
933972,validation
933973,validation
933801,holdout
933805,train
933806,train
933811,validation
933812,holdout
933813,train
933814,train
933815,train
933816,validation
933817,validation
933818,train
933822,validation
933673,train
933675,train
939890,train
939891,train
939892,train
939894,validation
939733,holdout
939737,train
939738,train
939559,train
939560,validation
939572,train
939573,holdout
939399,train
939400,train
939401,train
939403,train
939404,train
939406,train
939408,train
939256,train
939266,validation
939267,train
939077,train
945671,train
945672,train
945673,train
945674,train
945675,train
945418,train
945422,holdout
945430,train
945260,train
945110,holdout
945111,train
945113,holdout
945117,train
951005,train
951011,holdout
951012,train
951018,train
951019,train
951020,train
951024,validation
951025,validation
950786,validation
950788,train
950801,train
950633,train
950470,train
950472,validation
950473,train
950476,train
950482,validation
950484,validation
950486,train
950487,holdout
950285,train
950287,train
950291,train
950295,validation
950300,train
956534,train
956535,train
956536,holdout
956331,train
956332,train
956333,train
956334,train
956335,train
956337,train
956341,train
956348,train
956354,holdout
956355,train
956358,train
956362,validation
956144,train
956145,train
956149,validation
956162,holdout
956163,train
956164,train
955981,train
955983,train
955985,train
955987,validation
955989,validation
955992,train
955993,train
962208,train
962209,train
962216,train
962219,train
962221,train
962225,train
962039,validation
962045,train
962049,train
961880,holdout
961882,validation
961888,train
961700,train
961701,train
961705,train
961716,holdout
961717,train
961721,train
961724,train
961734,train
961736,train
961539,train
967577,validation
967579,holdout
967591,train
967593,train
967594,validation
967601,validation
967606,validation
967353,holdout
967355,validation
967356,validation
967358,train
967359,train
967364,train
967365,train
967369,holdout
967370,holdout
967390,holdout
967236,train
967239,holdout
967050,train
967051,validation
967053,validation
967055,validation
967057,train
973111,holdout
973115,validation
972948,train
972962,train
972963,train
972970,holdout
972972,holdout
972811,train
972818,validation
972640,train
972642,train
972496,train
972498,holdout
978297,train
978305,train
978308,train
978318,holdout
978323,train
978158,train
978161,validation
978163,train
978165,holdout
977986,train
977988,train
977990,train
977798,validation
977801,train
977805,holdout
977806,train
983694,train
983695,train
983697,train
983470,train
983217,holdout
983222,train
983225,train
983226,train
983227,validation
983233,train
983041,holdout
983042,validation
983044,holdout
983066,validation
983067,train
983068,holdout
983070,validation
982884,train
989672,validation
989675,holdout
989678,train
989685,holdout
989690,train
989692,validation
989693,train
989694,validation
989446,train
989447,holdout
989452,train
989456,train
989459,train
989465,train
989466,train
989287,holdout
989082,validation
989085,validation
989090,train
989093,holdout
989097,train
989098,train
989101,validation
989102,train
988900,holdout
988901,train
988903,train
988906,train
995034,train
995035,holdout
995037,train
995040,holdout
995047,train
995056,train
995058,train
994876,train
994888,train
994895,train
994725,holdout
994569,train
1000357,train
1000378,validation
1000380,train
1000381,train
1000383,holdout
1000385,holdout
1000386,holdout
1000155,holdout
1000156,holdout
1000165,validation
1000166,validation
1000174,validation
1000180,holdout
1000187,validation
999971,train
999972,validation
999978,holdout
999979,train
1006859,train
1006648,train
1006654,train
1006655,train
1006659,train
1006661,train
1006668,train
1006669,validation
1006467,validation
1006471,validation
1006480,holdout
1006482,holdout
1006484,validation
1006489,train
1013160,train
1013177,validation
1013178,validation
1012945,holdout
1012570,holdout
1012575,holdout
1012579,train
1012581,holdout
1019754,train
1019756,holdout
1019765,train
1019459,train
1019460,train
1019476,holdout
1019487,train
1019201,train
1019204,train
1027035,train
1026796,validation
1026803,train
1026566,train
1026575,validation
1026581,holdout
1026345,train
1026346,holdout
1026348,train
1026359,holdout
1026360,train
1034386,holdout
1034387,train
1034388,holdout
1034396,holdout
1034398,train
1034399,holdout
1034400,train
1034170,train
1033944,train
1033961,train
1033964,validation
1033966,train
1033729,train
1033526,validation
1033527,train
1033528,holdout
1033537,validation
1033539,train
1033540,train
1033244,train
1033245,holdout
1033246,train
1041654,train
1041661,train
1041210,holdout
1041219,train
1041221,validation
1041227,train
1041232,train
1040963,holdout
1040978,train
1047060,train
1047061,holdout
1047063,train
1047064,holdout
1047066,holdout
1047073,train
1047081,validation
1047082,train
1047084,holdout
1047085,holdout
1047086,validation
1047088,holdout
1047089,train
1047317,validation
1047319,holdout
1047327,train
1047329,holdout
1047331,holdout
1047336,holdout
1047549,train
1047553,holdout
1047556,validation
1047557,train
1047559,train
1047562,validation
1047563,train
1047824,train
1047825,holdout
1047826,train
1047837,validation
1054730,train
1054736,validation
1054744,train
1054746,validation
1054524,train
1054270,validation
1054280,train
1054034,holdout
1054053,train
1062034,holdout
1062041,train
1062042,train
1062043,train
1062048,holdout
1062053,train
1061774,train
1061783,validation
1061784,holdout
1061788,train
1061789,holdout
1061790,validation
1061505,train
1061513,train
1061514,validation
1061521,validation
1061262,train
1061264,holdout
1061269,validation
1061271,holdout
1060992,train
1060993,train
1060995,train
1061000,train
1069958,holdout
1069967,holdout
1069968,train
1069972,train
1069690,train
1069691,train
1069696,train
1069698,holdout
1069702,train
1069704,train
1069706,holdout
1069168,train
1069170,train
1069171,holdout
1069180,holdout
1069181,train
1069182,train
1069184,train
1068891,train
1068899,holdout
1070185,train
1070179,train
1070178,train
1070184,train
1070190,holdout
1070181,train
1070183,train
1070192,holdout
1070182,validation
1070177,train
1070186,train
1087713,train
1087343,holdout
1087347,holdout
1087361,validation
1087374,validation
1087378,validation
1087388,train
1087391,holdout
1087392,holdout
1087055,validation
1087066,validation
1097756,validation
1097765,holdout
1097767,holdout
1097772,train
1097775,train
1098082,holdout
1098090,train
1098093,train
1098478,train
1098479,train
1098480,train
1098481,validation
1098482,train
1098483,train
1098485,validation
1098490,train
1098493,train
1098495,train
1098497,train
1098499,holdout
1098504,train
1098812,train
1098815,train
1098817,train
1098822,train
1098828,validation
1098829,train
1098830,train
1098834,train
1098835,train
1107522,holdout
1107526,validation
1107528,train
1107530,holdout
1107533,train
1107892,holdout
1107893,train
1107895,train
1107901,holdout
1107902,train
1108106,train
1108108,train
1108109,holdout
1108117,validation
1108121,train
1108125,validation
1108127,train
1108128,holdout
1108358,validation
1108359,train
1108366,train
1108368,holdout
1108373,train
1108641,train
1108643,holdout
1108646,train
1108650,validation
1108652,train
1108658,train
1108667,holdout
1116522,validation
1116207,holdout
1116208,train
1116212,train
1116216,train
1116227,train
1115987,train
1115988,holdout
1115990,validation
1115992,train
1115996,train
1115997,train
1115999,train
1116001,train
1116002,train
1115684,holdout
1115689,train
1115693,holdout
1115694,holdout
1115696,train
1115424,train
1115425,holdout
1115426,validation
1115427,validation
1124078,train
1124081,holdout
1124084,train
1124088,holdout
1124090,train
1124099,train
1123846,validation
1123851,train
1123852,train
1123862,train
1123863,validation
1123864,train
1123865,validation
1123867,validation
1123868,validation
1123584,train
1123585,train
1123587,train
1123588,train
1123594,train
1123361,train
1123364,holdout
1123376,train
1123378,train
1123381,holdout
1123117,validation
1131002,holdout
1131008,holdout
1131017,train
1131029,holdout
1130713,train
1130717,train
1130723,train
1130724,holdout
1130511,train
1130512,train
1130516,holdout
1130523,train
1130536,train
1138470,holdout
1138184,train
1138186,validation
1138192,holdout
1137947,validation
1137949,train
1137954,train
1137956,train
1137957,train
1137959,train
1137960,train
1137961,train
1137968,train
1137970,train
1137713,train
1137718,train
1137719,holdout
1137721,holdout
1137725,holdout
1137731,validation
1137463,holdout
1137472,validation
1137473,train
1137479,train
1145923,holdout
1145946,train
1145947,train
1145658,validation
1145660,train
1145661,train
1145676,train
1145681,train
1145682,train
1145684,train
1145685,holdout
1145686,train
1145687,train
1145688,holdout
1145693,train
1145392,train
1145393,train
1145395,holdout
1145397,holdout
1145404,validation
1145408,holdout
1145409,validation
1145410,train
1145411,holdout
1145413,validation
1145130,holdout
1155198,holdout
1155199,holdout
1155207,holdout
1155208,validation
1155211,validation
1155214,holdout
1155215,validation
1155216,train
1155217,train
1155218,train
1154925,train
1154929,validation
1154931,validation
1154932,holdout
1154528,validation
1154529,validation
1154533,holdout
1154535,train
1154538,validation
1154225,train
1154235,validation
1154239,train
1154240,validation
1154241,holdout
1153887,holdout
1153890,train
1153898,train
1153899,train
1153563,holdout
1163586,train
1163591,validation
1163594,validation
1163600,train
1163602,train
1163608,train
1163254,train
1163264,train
1163265,holdout
1163002,train
1163005,train
1163013,holdout
1163014,holdout
1163015,train
1163027,holdout
1162692,train
1162699,train
1162700,validation
1162701,train
1162703,train
1162711,train
1162713,train
1162444,train
1162445,holdout
1162446,validation
1162452,train
1172747,holdout
1172757,validation
1172761,train
1172340,holdout
1172351,train
1172353,train
1172372,train
1171991,train
1171995,validation
1172008,train
1171639,train
1182530,train
1182534,train
1182559,holdout
1182575,train
1182576,holdout
1182577,train
1182579,train
1182580,validation
1182581,holdout
1182587,train
1182200,holdout
1182210,train
1182232,validation
1190996,validation
1191015,holdout
1191016,holdout
1190693,validation
1190696,train
1190703,validation
1190347,train
1189845,holdout
1189560,holdout
1189562,holdout
1198713,train
1198406,train
1198408,train
1208671,validation
1208672,validation
1208682,validation
1208360,train
1208368,train
1208369,validation
1208066,train
1208079,validation
1207719,holdout
1217155,holdout
1217160,validation
1217168,train
1216660,validation
1216404,train
1225381,train
1225112,holdout
1224864,holdout
1224866,train
1224869,validation
1224870,train
1224578,validation
1224579,holdout
1224581,train
1224588,train
1234247,train
1234258,holdout
1233982,validation
1233986,validation
1233997,holdout
1233998,train
1233999,train
1233656,holdout
1233672,validation
1242582,train
1242588,validation
1242276,validation
1241962,holdout
1241966,train
1241972,train
1241658,holdout
1241659,train
1241388,train
1251104,validation
1251107,holdout
1251108,train
1251114,train
1251115,train
1250497,train
1249931,validation
1260730,holdout
1260741,train
1260405,validation
1260406,train
1260409,validation
1260410,validation
1260413,train
1260011,train
1260014,train
1260028,validation
1260031,train
1260035,train
1259645,train
1271113,train
1270751,train
1270759,validation
1270770,train
1270775,train
1270401,holdout
1270412,train
1270021,validation
1270022,train
1270023,train
1269538,train
1269546,train
1281012,validation
1281015,train
1281023,train
1280662,validation
1280665,validation
1280668,validation
1280672,validation
1280677,validation
1280680,train
1280371,train
1280372,holdout
1280373,train
1280379,validation
1280380,train
1280382,train
1280383,train
1280387,train
1280080,train
1279797,holdout
1279798,train
1279799,holdout
1279801,train
1279803,train
1279811,train
1279812,validation
1291448,train
1291456,train
1291457,holdout
1291158,train
1291163,train
1290803,validation
1290823,train
1290437,train
1290441,train
1290458,holdout
1290459,validation
1290467,holdout
1290470,validation
1290471,train
1290472,train
1302728,validation
1302753,train
1302754,train
1302763,train
1302219,holdout
1302221,train
1302225,validation
1302243,train
1310934,train
1310939,train
1310940,validation
1310466,train
1310469,train
1310474,holdout
1310487,train
1310223,train
1317807,holdout
1317811,holdout
1317818,train
1317821,train
1317561,train
1317572,train
1317575,train
1317346,validation
1317357,train
1317371,validation
1317376,train
1317377,validation
1317381,holdout
1317078,train
1324404,holdout
1324411,train
1324412,validation
1324169,validation
1323937,train
1323759,train
1323557,holdout
1323348,train
1331271,train
1331273,train
1331276,holdout
1331036,train
1331049,train
1331051,validation
1331052,train
1330597,train
1330600,validation
1338786,train
1338521,train
1338534,holdout
1338289,train
1338291,train
1338292,validation
1345713,train
1345714,holdout
1345492,train
1345290,train
1344909,validation
1344912,train
1353039,validation
1352980,holdout
1352981,train
1352982,train
1352986,train
1352914,validation
1352915,holdout
1352916,train
1352936,validation
1352939,train
1352940,holdout
1352941,holdout
1352942,train
1352943,train
1352944,train
1352949,train
1352950,validation
1352726,train
1352306,train
1352307,validation
1352309,holdout
1352394,holdout
1352395,holdout
1352396,train
1352433,train
1352435,train
1352436,holdout
1351549,validation
1358237,train
1358072,train
1358079,validation
1357899,train
1357900,train
1357902,train
1357906,validation
1357907,train
1357546,holdout
1357547,holdout
1357548,train
1357552,holdout
1357554,train
1357555,holdout
1357556,train
1357557,holdout
1363563,holdout
1363359,train
1363362,validation
1363366,train
1363179,train
1363187,train
1363012,holdout
1362645,train
1369166,train
1369167,validation
1369170,validation
1369171,train
1369186,train
1368963,validation
1368966,validation
1368967,train
1368975,train
1368978,train
1368982,train
1368764,holdout
1368765,train
1368779,train
1368780,train
1368573,holdout
1368359,validation
1374688,validation
1374692,train
1374298,train
1374299,holdout
1374150,holdout
1373973,train
1373821,train
1379922,train
1379580,validation
1379585,validation
1379395,train
1379206,train
1379213,holdout
1379214,train
1379024,validation
1385754,train
1385772,train
1385777,validation
1385556,train
1385349,holdout
1385351,train
1385170,train
1385178,holdout
1390858,validation
1397482,validation
1397492,train
1397268,train
1397269,train
1397069,train
1397075,train
1396920,train
1396924,train
1396934,train
1402852,train
1402853,train
1402683,train
1402525,holdout
1402233,holdout
1402027,train
1403210,validation
1413697,validation
1413545,train
1413334,train
1413348,holdout
1413349,holdout
1413148,train
1413149,train
1413154,train
1413158,train
1413164,train
1419093,train
1424198,train
1423379,holdout
1423200,train
1429276,train
1428561,validation
1434974,holdout
1434980,train
1434986,validation
1434804,train
1434810,validation
1434569,validation
1434571,train
1434572,holdout
1434403,holdout
1434405,train
1434210,train
1440238,validation
1440247,holdout
1440058,holdout
1439858,train
1439510,validation
1445565,train
1445567,holdout
1445575,train
1445388,train
1445181,train
1445197,train
1445198,train
1444841,holdout
1444847,train
1450110,holdout
1450120,validation
1449933,train
1449778,train
1449250,train
1449251,holdout
1454740,validation
1454541,validation
1454551,train
1454342,validation
1454344,validation
1454160,train
1454161,train
1465694,train
1465699,train
1476415,holdout
1476196,holdout
1476205,train
1476050,train
1475847,validation
1475848,train
1475699,holdout
1475704,train
1475710,validation
1475535,train
1481921,train
1481922,validation
1481741,holdout
1481748,train
1481351,holdout
1481192,train
1481204,train
1481205,holdout
1481206,train
1480862,validation
1487285,train
1487141,train
1486961,train
1486969,validation
1486794,train
1486799,holdout
1487464,train
1498725,validation
1498466,holdout
1498467,train
1498011,train
1497781,holdout
1497793,train
1497800,holdout
1497597,validation
1497598,train
1505144,validation
1505148,holdout
1505152,train
1504958,train
1504960,train
1504966,holdout
1504794,train
1504603,train
1504607,train
1504609,validation
1504407,holdout
1504412,train
1504418,holdout
1504420,train
1504237,train
1504240,train
1510458,train
1510461,validation
1510462,validation
1510463,train
1510464,train
1510259,train
1510261,validation
1510264,holdout
1510051,holdout
1510053,train
1510060,validation
1510061,train
1509848,train
1509855,train
1509859,train
1509683,train
1509690,holdout
1509509,train
1509516,train
1509332,train
1515436,train
1515438,train
1515445,train
1515125,holdout
1515126,train
1514979,holdout
1514987,validation
1521373,holdout
1520941,train
1520942,train
1520944,train
1520946,train
1520760,train
1520220,train
1526459,train
1526469,validation
1526253,train
1526258,train
1526262,holdout
1526087,train
1526097,holdout
1525899,train
1525651,holdout
1525657,validation
1525659,holdout
1532185,train
1532187,train
1532198,validation
1532057,train
1531884,train
1531647,validation
1531654,train
1531657,holdout
1531459,train
1531474,holdout
1531242,validation
1537465,train
1537271,train
1537279,train
1537098,train
1537108,holdout
1536912,train
1536921,train
1536460,validation
1537666,train
1537676,train
1548639,holdout
1548651,train
1548446,holdout
1555886,train
1555691,train
1555693,train
1555694,train
1555699,train
1555488,train
1555489,train
1562246,holdout
1562255,train
1562005,train
1569226,holdout
1569231,validation
1568996,holdout
1568767,train
1568774,train
1568572,validation
1568346,train
1576768,train
1576546,train
1576343,validation
1576349,train
1576079,validation
1576091,train
1576092,holdout
1575866,train
1583124,train
1583126,holdout
1583141,validation
1582905,holdout
1582645,train
1582381,train
1591560,train
1591082,holdout
