tag_raw,count
泻芯褉芯薪邪胁懈褉褍褋,102
袨写械褋褋邪,95
蟹胁褢蟹写褘,85
褋械泻褋,73
褋锌芯褉褌,73
邪胁懈邪褑懈褟,68
锌芯谐芯写邪,53
芯斜褗褟胁谢械薪懈褟,51
褋懈谐邪褉械褌褘,48
斜谢芯薪写懈薪泻懈,47
褉械泻谢邪屑邪,46
褎褍褌斜芯谢,45
芯褌写褘褏,45
锌械薪褋懈芯薪械褉褘,44
薪芯胁褘械 褉褍褋褋泻懈械,43
写懈械褌邪,40
褎懈谢褜屑褘,39
袪卸械胁褋泻懈泄,37
袦芯褋泻胁邪,37
薪邪褉泻芯褌懈泻懈,33
泻芯褋屑芯褋,33
邪锌褌械泻邪,32
谐械懈,30
锌芯械蟹写,29
楔械褉谢芯泻 啸芯谢屑褋,28
薪邪谢芯谐懈,28
褋屑褋,27
锌邪褉邪褕褞褌,26
锌褉懈屑械褌褘,26
泻褉懈蟹懈褋,24
泻褉械写懈褌褘,22
小芯褔懈 2014,21
谢懈褎褌,20
锌芯褕谢褘械,19
褌邪褉邪泻邪薪褘,18
邪褉屑褟薪褋泻芯械 褉邪写懈芯,18
蟹芯谢芯褌邪褟 褉褘斜泻邪,17
屑械褌褉芯,16
褋斜械褉斜邪薪泻,16
薪邪薪芯褌械褏薪芯谢芯谐懈懈,16
褉褘斜邪谢泻邪,15
锌芯褔褌邪,15
效械谢褟斜懈薪褋泻,15
褌邪屑芯卸薪褟,15
懈薪褋褌褉褍泻褑懈懈,14
斜褉懈褌邪薪褋泻懈械 褍褔械薪褘械,14
谐褉懈锌锌,14
袠胁邪薪-褑邪褉械胁懈褔,14
袣褉邪褋薪邪褟 楔邪锌芯褔泻邪,13
斜械褋锌谢邪褌薪芯械,12
袣芯谢芯斜芯泻,12
袦褍屑褍,12
芯褏芯褌邪,11
泻芯薪械褑 褋胁械褌邪,11
锌邪褋褏邪,10
袙邪谢褍械胁,10
锌芯卸邪褉薪褘泄,10
袩褍褕泻懈薪,9
袣邪褉谢褋芯薪,9
褌褉芯谢谢械泄斜褍褋,9
褌褉邪屑胁邪泄,8
袘褉械卸薪械胁,8
斜芯谐邪褌褘褉懈,8
小褌邪谢懈薪,8
屑褍谢褜褌褎懈谢褜屑褘,7
褏芯泻泻械泄,7
胁械谐邪薪,7
褑懈褌邪褌褘,7
锌芯泻械屑芯薪褘,6
袣褍泻谢邪褔械胁,6
袩褉芯褏芯褉芯胁,6
斜褉褞薪械褌泻懈,6
褌褉邪泻褌芯褉,5
袗写邪屑 懈 袝胁邪,4
袣邪褉械薪懈薪邪,4
袛芯薪褑芯胁邪,4
袦邪蟹邪泄,3
啸芯褌褌邪斜褘褔,3
效邪泻 袧芯褉褉懈褋,3
屑屑屑,2
小褍褋邪薪懈薪,2
袩械褉械谢褜屑邪薪,2
褌胁懈褌褌械褉,2
袘邪斜邪-携谐邪,2
袨薪懈褖械薪泻芯,2
