macro_tag,tag_raw
politics_power,политика
politics_power,Путин
politics_power,Медведев
politics_power,Навальный
politics_power,Трамп
politics_power,Обама
politics_power,Украина
politics_power,санкции
politics_power,коррупция
politics_power,демократия
politics_power,Березовский
politics_power,Абрамович
family_relationships,муж и жена
family_relationships,тёща
family_relationships,семья
family_relationships,любовь
family_relationships,свадьба
family_relationships,девушки
family_relationships,мужчины
work_professions,работа
work_professions,врачи
work_professions,программист
work_professions,сантехник
work_professions,учитель
education_children,школа
education_children,студент
education_children,студенты
education_children,дети
education_children,вовочка
education_children,егэ
army_police,армия
army_police,война
army_police,милиция
army_police,полиция
army_police,гаи
army_police,фсб
it_internet,интернет
it_internet,telegram
it_internet,windows
it_internet,apple
it_internet,мобильный
it_internet,ии
it_internet,Билл Гейтс
it_internet,Вконтакте
character_cycles,Штирлиц
character_cycles,чапаев
character_cycles,чукча
character_cycles,Рабинович
character_cycles,Винни-Пух
character_cycles,Чебурашка
character_cycles,Буратино
character_cycles,Гарри Поттер
character_cycles,Дед Мороз
everyday_life,деньги
everyday_life,дача
everyday_life,соседи
everyday_life,транспорт
everyday_life,жкх
everyday_life,авто
everyday_life,маршрутка
everyday_life,автобус
everyday_life,такси
everyday_life,пиво
everyday_life,водка
everyday_life,новогодний
everyday_life,тв
everyday_life,кино
everyday_life,русский язык
animals,кошки
animals,собаки
animals,животные
other,юмор
other,о жизни
other,1 апреля
other,14 февраля
other,23 февраля
other,8 марта
