tag_raw,tag_norm,url
1 апреля,1 апреля,https://www.anekdot.ru/tags/1%20%D0%B0%D0%BF%D1%80%D0%B5%D0%BB%D1%8F
14 февраля,14 февраля,https://www.anekdot.ru/tags/14%20%D1%84%D0%B5%D0%B2%D1%80%D0%B0%D0%BB%D1%8F
23 февраля,23 февраля,https://www.anekdot.ru/tags/23%20%D1%84%D0%B5%D0%B2%D1%80%D0%B0%D0%BB%D1%8F
8 марта,8 марта,https://www.anekdot.ru/tags/8%20%D0%BC%D0%B0%D1%80%D1%82%D0%B0
apple,apple,https://www.anekdot.ru/tags/apple
telegram,telegram,https://www.anekdot.ru/tags/telegram
windows,windows,https://www.anekdot.ru/tags/windows
Абрамович,абрамович,https://www.anekdot.ru/tags/%D0%90%D0%B1%D1%80%D0%B0%D0%BC%D0%BE%D0%B2%D0%B8%D1%87
авиация,авиация,https://www.anekdot.ru/tags/%D0%B0%D0%B2%D0%B8%D0%B0%D1%86%D0%B8%D1%8F
авто,авто,https://www.anekdot.ru/tags/%D0%B0%D0%B2%D1%82%D0%BE
автобус,автобус,https://www.anekdot.ru/tags/%D0%B0%D0%B2%D1%82%D0%BE%D0%B1%D1%83%D1%81
Адам и Ева,адам и ева,https://www.anekdot.ru/tags/%D0%90%D0%B4%D0%B0%D0%BC%20%D0%B8%20%D0%95%D0%B2%D0%B0
аптека,аптека,https://www.anekdot.ru/tags/%D0%B0%D0%BF%D1%82%D0%B5%D0%BA%D0%B0
армия,армия,https://www.anekdot.ru/tags/%D0%B0%D1%80%D0%BC%D0%B8%D1%8F
армянское радио,армянское радио,https://www.anekdot.ru/tags/%D0%B0%D1%80%D0%BC%D1%8F%D0%BD%D1%81%D0%BA%D0%BE%D0%B5%20%D1%80%D0%B0%D0%B4%D0%B8%D0%BE
Баба-Яга,баба-яга,https://www.anekdot.ru/tags/%D0%91%D0%B0%D0%B1%D0%B0-%D0%AF%D0%B3%D0%B0
Березовский,березовский,https://www.anekdot.ru/tags/%D0%91%D0%B5%D1%80%D0%B5%D0%B7%D0%BE%D0%B2%D1%81%D0%BA%D0%B8%D0%B9
бесплатное,бесплатное,https://www.anekdot.ru/tags/%D0%B1%D0%B5%D1%81%D0%BF%D0%BB%D0%B0%D1%82%D0%BD%D0%BE%D0%B5
Билл Гейтс,билл гейтс,https://www.anekdot.ru/tags/%D0%91%D0%B8%D0%BB%D0%BB%20%D0%93%D0%B5%D0%B9%D1%82%D1%81
блондинки,блондинки,https://www.anekdot.ru/tags/%D0%B1%D0%BB%D0%BE%D0%BD%D0%B4%D0%B8%D0%BD%D0%BA%D0%B8
богатыри,богатыри,https://www.anekdot.ru/tags/%D0%B1%D0%BE%D0%B3%D0%B0%D1%82%D1%8B%D1%80%D0%B8
Брежнев,брежнев,https://www.anekdot.ru/tags/%D0%91%D1%80%D0%B5%D0%B6%D0%BD%D0%B5%D0%B2
британские ученые,британские ученые,https://www.anekdot.ru/tags/%D0%B1%D1%80%D0%B8%D1%82%D0%B0%D0%BD%D1%81%D0%BA%D0%B8%D0%B5%20%D1%83%D1%87%D0%B5%D0%BD%D1%8B%D0%B5
брюнетки,брюнетки,https://www.anekdot.ru/tags/%D0%B1%D1%80%D1%8E%D0%BD%D0%B5%D1%82%D0%BA%D0%B8
Буратино,буратино,https://www.anekdot.ru/tags/%D0%91%D1%83%D1%80%D0%B0%D1%82%D0%B8%D0%BD%D0%BE
Валуев,валуев,https://www.anekdot.ru/tags/%D0%92%D0%B0%D0%BB%D1%83%D0%B5%D0%B2
веган,веган,https://www.anekdot.ru/tags/%D0%B2%D0%B5%D0%B3%D0%B0%D0%BD
Винни-Пух,винни-пух,https://www.anekdot.ru/tags/%D0%92%D0%B8%D0%BD%D0%BD%D0%B8-%D0%9F%D1%83%D1%85
Вконтакте,вконтакте,https://www.anekdot.ru/tags/%D0%92%D0%BA%D0%BE%D0%BD%D1%82%D0%B0%D0%BA%D1%82%D0%B5
вовочка,вовочка,https://www.anekdot.ru/tags/%D0%B2%D0%BE%D0%B2%D0%BE%D1%87%D0%BA%D0%B0
водка,водка,https://www.anekdot.ru/tags/%D0%B2%D0%BE%D0%B4%D0%BA%D0%B0
война,война,https://www.anekdot.ru/tags/%D0%B2%D0%BE%D0%B9%D0%BD%D0%B0
врачи,врачи,https://www.anekdot.ru/tags/%D0%B2%D1%80%D0%B0%D1%87%D0%B8
гаи,гаи,https://www.anekdot.ru/tags/%D0%B3%D0%B0%D0%B8
Гарри Поттер,гарри поттер,https://www.anekdot.ru/tags/%D0%93%D0%B0%D1%80%D1%80%D0%B8%20%D0%9F%D0%BE%D1%82%D1%82%D0%B5%D1%80
геи,геи,https://www.anekdot.ru/tags/%D0%B3%D0%B5%D0%B8
грипп,грипп,https://www.anekdot.ru/tags/%D0%B3%D1%80%D0%B8%D0%BF%D0%BF
дача,дача,https://www.anekdot.ru/tags/%D0%B4%D0%B0%D1%87%D0%B0
девушки,девушки,https://www.anekdot.ru/tags/%D0%B4%D0%B5%D0%B2%D1%83%D1%88%D0%BA%D0%B8
Дед Мороз,дед мороз,https://www.anekdot.ru/tags/%D0%94%D0%B5%D0%B4%20%D0%9C%D0%BE%D1%80%D0%BE%D0%B7
демократия,демократия,https://www.anekdot.ru/tags/%D0%B4%D0%B5%D0%BC%D0%BE%D0%BA%D1%80%D0%B0%D1%82%D0%B8%D1%8F
деньги,деньги,https://www.anekdot.ru/tags/%D0%B4%D0%B5%D0%BD%D1%8C%D0%B3%D0%B8
дети,дети,https://www.anekdot.ru/tags/%D0%B4%D0%B5%D1%82%D0%B8
диета,диета,https://www.anekdot.ru/tags/%D0%B4%D0%B8%D0%B5%D1%82%D0%B0
Донцова,донцова,https://www.anekdot.ru/tags/%D0%94%D0%BE%D0%BD%D1%86%D0%BE%D0%B2%D0%B0
егэ,егэ,https://www.anekdot.ru/tags/%D0%B5%D0%B3%D1%8D
животные,животные,https://www.anekdot.ru/tags/%D0%B6%D0%B8%D0%B2%D0%BE%D1%82%D0%BD%D1%8B%D0%B5
жкх,жкх,https://www.anekdot.ru/tags/%D0%B6%D0%BA%D1%85
звёзды,звёзды,https://www.anekdot.ru/tags/%D0%B7%D0%B2%D1%91%D0%B7%D0%B4%D1%8B
золотая рыбка,золотая рыбка,https://www.anekdot.ru/tags/%D0%B7%D0%BE%D0%BB%D0%BE%D1%82%D0%B0%D1%8F%20%D1%80%D1%8B%D0%B1%D0%BA%D0%B0
Иван-царевич,иван-царевич,https://www.anekdot.ru/tags/%D0%98%D0%B2%D0%B0%D0%BD-%D1%86%D0%B0%D1%80%D0%B5%D0%B2%D0%B8%D1%87
ии,ии,https://www.anekdot.ru/tags/%D0%B8%D0%B8
инструкции,инструкции,https://www.anekdot.ru/tags/%D0%B8%D0%BD%D1%81%D1%82%D1%80%D1%83%D0%BA%D1%86%D0%B8%D0%B8
интернет,интернет,https://www.anekdot.ru/tags/%D0%B8%D0%BD%D1%82%D0%B5%D1%80%D0%BD%D0%B5%D1%82
Каренина,каренина,https://www.anekdot.ru/tags/%D0%9A%D0%B0%D1%80%D0%B5%D0%BD%D0%B8%D0%BD%D0%B0
Карлсон,карлсон,https://www.anekdot.ru/tags/%D0%9A%D0%B0%D1%80%D0%BB%D1%81%D0%BE%D0%BD
кино,кино,https://www.anekdot.ru/tags/%D0%BA%D0%B8%D0%BD%D0%BE
Колобок,колобок,https://www.anekdot.ru/tags/%D0%9A%D0%BE%D0%BB%D0%BE%D0%B1%D0%BE%D0%BA
конец света,конец света,https://www.anekdot.ru/tags/%D0%BA%D0%BE%D0%BD%D0%B5%D1%86%20%D1%81%D0%B2%D0%B5%D1%82%D0%B0
коронавирус,коронавирус,https://www.anekdot.ru/tags/%D0%BA%D0%BE%D1%80%D0%BE%D0%BD%D0%B0%D0%B2%D0%B8%D1%80%D1%83%D1%81
коррупция,коррупция,https://www.anekdot.ru/tags/%D0%BA%D0%BE%D1%80%D1%80%D1%83%D0%BF%D1%86%D0%B8%D1%8F
космос,космос,https://www.anekdot.ru/tags/%D0%BA%D0%BE%D1%81%D0%BC%D0%BE%D1%81
кошки,кошки,https://www.anekdot.ru/tags/%D0%BA%D0%BE%D1%88%D0%BA%D0%B8
Красная Шапочка,красная шапочка,https://www.anekdot.ru/tags/%D0%9A%D1%80%D0%B0%D1%81%D0%BD%D0%B0%D1%8F%20%D0%A8%D0%B0%D0%BF%D0%BE%D1%87%D0%BA%D0%B0
кредиты,кредиты,https://www.anekdot.ru/tags/%D0%BA%D1%80%D0%B5%D0%B4%D0%B8%D1%82%D1%8B
кризис,кризис,https://www.anekdot.ru/tags/%D0%BA%D1%80%D0%B8%D0%B7%D0%B8%D1%81
Куклачев,куклачев,https://www.anekdot.ru/tags/%D0%9A%D1%83%D0%BA%D0%BB%D0%B0%D1%87%D0%B5%D0%B2
лифт,лифт,https://www.anekdot.ru/tags/%D0%BB%D0%B8%D1%84%D1%82
любовь,любовь,https://www.anekdot.ru/tags/%D0%BB%D1%8E%D0%B1%D0%BE%D0%B2%D1%8C
Мазай,мазай,https://www.anekdot.ru/tags/%D0%9C%D0%B0%D0%B7%D0%B0%D0%B9
маршрутка,маршрутка,https://www.anekdot.ru/tags/%D0%BC%D0%B0%D1%80%D1%88%D1%80%D1%83%D1%82%D0%BA%D0%B0
Медведев,медведев,https://www.anekdot.ru/tags/%D0%9C%D0%B5%D0%B4%D0%B2%D0%B5%D0%B4%D0%B5%D0%B2
метро,метро,https://www.anekdot.ru/tags/%D0%BC%D0%B5%D1%82%D1%80%D0%BE
милиция,милиция,https://www.anekdot.ru/tags/%D0%BC%D0%B8%D0%BB%D0%B8%D1%86%D0%B8%D1%8F
ммм,ммм,https://www.anekdot.ru/tags/%D0%BC%D0%BC%D0%BC
мобильный,мобильный,https://www.anekdot.ru/tags/%D0%BC%D0%BE%D0%B1%D0%B8%D0%BB%D1%8C%D0%BD%D1%8B%D0%B9
Москва,москва,https://www.anekdot.ru/tags/%D0%9C%D0%BE%D1%81%D0%BA%D0%B2%D0%B0
муж и жена,муж и жена,https://www.anekdot.ru/tags/%D0%BC%D1%83%D0%B6%20%D0%B8%20%D0%B6%D0%B5%D0%BD%D0%B0
мужчины,мужчины,https://www.anekdot.ru/tags/%D0%BC%D1%83%D0%B6%D1%87%D0%B8%D0%BD%D1%8B
мультфильмы,мультфильмы,https://www.anekdot.ru/tags/%D0%BC%D1%83%D0%BB%D1%8C%D1%82%D1%84%D0%B8%D0%BB%D1%8C%D0%BC%D1%8B
Муму,муму,https://www.anekdot.ru/tags/%D0%9C%D1%83%D0%BC%D1%83
Навальный,навальный,https://www.anekdot.ru/tags/%D0%9D%D0%B0%D0%B2%D0%B0%D0%BB%D1%8C%D0%BD%D1%8B%D0%B9
налоги,налоги,https://www.anekdot.ru/tags/%D0%BD%D0%B0%D0%BB%D0%BE%D0%B3%D0%B8
нанотехнологии,нанотехнологии,https://www.anekdot.ru/tags/%D0%BD%D0%B0%D0%BD%D0%BE%D1%82%D0%B5%D1%85%D0%BD%D0%BE%D0%BB%D0%BE%D0%B3%D0%B8%D0%B8
наркотики,наркотики,https://www.anekdot.ru/tags/%D0%BD%D0%B0%D1%80%D0%BA%D0%BE%D1%82%D0%B8%D0%BA%D0%B8
новогодний,новогодний,https://www.anekdot.ru/tags/%D0%BD%D0%BE%D0%B2%D0%BE%D0%B3%D0%BE%D0%B4%D0%BD%D0%B8%D0%B9
новые русские,новые русские,https://www.anekdot.ru/tags/%D0%BD%D0%BE%D0%B2%D1%8B%D0%B5%20%D1%80%D1%83%D1%81%D1%81%D0%BA%D0%B8%D0%B5
о жизни,о жизни,https://www.anekdot.ru/tags/%D0%BE%20%D0%B6%D0%B8%D0%B7%D0%BD%D0%B8
Обама,обама,https://www.anekdot.ru/tags/%D0%9E%D0%B1%D0%B0%D0%BC%D0%B0
объявления,объявления,https://www.anekdot.ru/tags/%D0%BE%D0%B1%D1%8A%D1%8F%D0%B2%D0%BB%D0%B5%D0%BD%D0%B8%D1%8F
Одесса,одесса,https://www.anekdot.ru/tags/%D0%9E%D0%B4%D0%B5%D1%81%D1%81%D0%B0
Онищенко,онищенко,https://www.anekdot.ru/tags/%D0%9E%D0%BD%D0%B8%D1%89%D0%B5%D0%BD%D0%BA%D0%BE
отдых,отдых,https://www.anekdot.ru/tags/%D0%BE%D1%82%D0%B4%D1%8B%D1%85
охота,охота,https://www.anekdot.ru/tags/%D0%BE%D1%85%D0%BE%D1%82%D0%B0
парашют,парашют,https://www.anekdot.ru/tags/%D0%BF%D0%B0%D1%80%D0%B0%D1%88%D1%8E%D1%82
пасха,пасха,https://www.anekdot.ru/tags/%D0%BF%D0%B0%D1%81%D1%85%D0%B0
пенсионеры,пенсионеры,https://www.anekdot.ru/tags/%D0%BF%D0%B5%D0%BD%D1%81%D0%B8%D0%BE%D0%BD%D0%B5%D1%80%D1%8B
Перельман,перельман,https://www.anekdot.ru/tags/%D0%9F%D0%B5%D1%80%D0%B5%D0%BB%D1%8C%D0%BC%D0%B0%D0%BD
пиво,пиво,https://www.anekdot.ru/tags/%D0%BF%D0%B8%D0%B2%D0%BE
погода,погода,https://www.anekdot.ru/tags/%D0%BF%D0%BE%D0%B3%D0%BE%D0%B4%D0%B0
поезд,поезд,https://www.anekdot.ru/tags/%D0%BF%D0%BE%D0%B5%D0%B7%D0%B4
пожарный,пожарный,https://www.anekdot.ru/tags/%D0%BF%D0%BE%D0%B6%D0%B0%D1%80%D0%BD%D1%8B%D0%B9
покемоны,покемоны,https://www.anekdot.ru/tags/%D0%BF%D0%BE%D0%BA%D0%B5%D0%BC%D0%BE%D0%BD%D1%8B
политика,политика,https://www.anekdot.ru/tags/%D0%BF%D0%BE%D0%BB%D0%B8%D1%82%D0%B8%D0%BA%D0%B0
почта,почта,https://www.anekdot.ru/tags/%D0%BF%D0%BE%D1%87%D1%82%D0%B0
пошлые,пошлые,https://www.anekdot.ru/tags/%D0%BF%D0%BE%D1%88%D0%BB%D1%8B%D0%B5
приметы,приметы,https://www.anekdot.ru/tags/%D0%BF%D1%80%D0%B8%D0%BC%D0%B5%D1%82%D1%8B
программист,программист,https://www.anekdot.ru/tags/%D0%BF%D1%80%D0%BE%D0%B3%D1%80%D0%B0%D0%BC%D0%BC%D0%B8%D1%81%D1%82
Прохоров,прохоров,https://www.anekdot.ru/tags/%D0%9F%D1%80%D0%BE%D1%85%D0%BE%D1%80%D0%BE%D0%B2
Путин,путин,https://www.anekdot.ru/tags/%D0%9F%D1%83%D1%82%D0%B8%D0%BD
Пушкин,пушкин,https://www.anekdot.ru/tags/%D0%9F%D1%83%D1%88%D0%BA%D0%B8%D0%BD
Рабинович,рабинович,https://www.anekdot.ru/tags/%D0%A0%D0%B0%D0%B1%D0%B8%D0%BD%D0%BE%D0%B2%D0%B8%D1%87
работа,работа,https://www.anekdot.ru/tags/%D1%80%D0%B0%D0%B1%D0%BE%D1%82%D0%B0
реклама,реклама,https://www.anekdot.ru/tags/%D1%80%D0%B5%D0%BA%D0%BB%D0%B0%D0%BC%D0%B0
Ржевский,ржевский,https://www.anekdot.ru/tags/%D0%A0%D0%B6%D0%B5%D0%B2%D1%81%D0%BA%D0%B8%D0%B9
русский язык,русский язык,https://www.anekdot.ru/tags/%D1%80%D1%83%D1%81%D1%81%D0%BA%D0%B8%D0%B9%20%D1%8F%D0%B7%D1%8B%D0%BA
рыбалка,рыбалка,https://www.anekdot.ru/tags/%D1%80%D1%8B%D0%B1%D0%B0%D0%BB%D0%BA%D0%B0
санкции,санкции,https://www.anekdot.ru/tags/%D1%81%D0%B0%D0%BD%D0%BA%D1%86%D0%B8%D0%B8
сантехник,сантехник,https://www.anekdot.ru/tags/%D1%81%D0%B0%D0%BD%D1%82%D0%B5%D1%85%D0%BD%D0%B8%D0%BA
сбербанк,сбербанк,https://www.anekdot.ru/tags/%D1%81%D0%B1%D0%B5%D1%80%D0%B1%D0%B0%D0%BD%D0%BA
свадьба,свадьба,https://www.anekdot.ru/tags/%D1%81%D0%B2%D0%B0%D0%B4%D1%8C%D0%B1%D0%B0
секс,секс,https://www.anekdot.ru/tags/%D1%81%D0%B5%D0%BA%D1%81
семья,семья,https://www.anekdot.ru/tags/%D1%81%D0%B5%D0%BC%D1%8C%D1%8F
сигареты,сигареты,https://www.anekdot.ru/tags/%D1%81%D0%B8%D0%B3%D0%B0%D1%80%D0%B5%D1%82%D1%8B
смс,смс,https://www.anekdot.ru/tags/%D1%81%D0%BC%D1%81
собаки,собаки,https://www.anekdot.ru/tags/%D1%81%D0%BE%D0%B1%D0%B0%D0%BA%D0%B8
соседи,соседи,https://www.anekdot.ru/tags/%D1%81%D0%BE%D1%81%D0%B5%D0%B4%D0%B8
Сочи 2014,сочи 2014,https://www.anekdot.ru/tags/%D0%A1%D0%BE%D1%87%D0%B8%202014
спорт,спорт,https://www.anekdot.ru/tags/%D1%81%D0%BF%D0%BE%D1%80%D1%82
Сталин,сталин,https://www.anekdot.ru/tags/%D0%A1%D1%82%D0%B0%D0%BB%D0%B8%D0%BD
студент,студент,https://www.anekdot.ru/tags/%D1%81%D1%82%D1%83%D0%B4%D0%B5%D0%BD%D1%82
Сусанин,сусанин,https://www.anekdot.ru/tags/%D0%A1%D1%83%D1%81%D0%B0%D0%BD%D0%B8%D0%BD
такси,такси,https://www.anekdot.ru/tags/%D1%82%D0%B0%D0%BA%D1%81%D0%B8
таможня,таможня,https://www.anekdot.ru/tags/%D1%82%D0%B0%D0%BC%D0%BE%D0%B6%D0%BD%D1%8F
тараканы,тараканы,https://www.anekdot.ru/tags/%D1%82%D0%B0%D1%80%D0%B0%D0%BA%D0%B0%D0%BD%D1%8B
тв,тв,https://www.anekdot.ru/tags/%D1%82%D0%B2
твиттер,твиттер,https://www.anekdot.ru/tags/%D1%82%D0%B2%D0%B8%D1%82%D1%82%D0%B5%D1%80
трактор,трактор,https://www.anekdot.ru/tags/%D1%82%D1%80%D0%B0%D0%BA%D1%82%D0%BE%D1%80
трамвай,трамвай,https://www.anekdot.ru/tags/%D1%82%D1%80%D0%B0%D0%BC%D0%B2%D0%B0%D0%B9
Трамп,трамп,https://www.anekdot.ru/tags/%D0%A2%D1%80%D0%B0%D0%BC%D0%BF
троллейбус,троллейбус,https://www.anekdot.ru/tags/%D1%82%D1%80%D0%BE%D0%BB%D0%BB%D0%B5%D0%B9%D0%B1%D1%83%D1%81
тёща,тёща,https://www.anekdot.ru/tags/%D1%82%D1%91%D1%89%D0%B0
Украина,украина,https://www.anekdot.ru/tags/%D0%A3%D0%BA%D1%80%D0%B0%D0%B8%D0%BD%D0%B0
фильмы,фильмы,https://www.anekdot.ru/tags/%D1%84%D0%B8%D0%BB%D1%8C%D0%BC%D1%8B
фсб,фсб,https://www.anekdot.ru/tags/%D1%84%D1%81%D0%B1
футбол,футбол,https://www.anekdot.ru/tags/%D1%84%D1%83%D1%82%D0%B1%D0%BE%D0%BB
хоккей,хоккей,https://www.anekdot.ru/tags/%D1%85%D0%BE%D0%BA%D0%BA%D0%B5%D0%B9
Хоттабыч,хоттабыч,https://www.anekdot.ru/tags/%D0%A5%D0%BE%D1%82%D1%82%D0%B0%D0%B1%D1%8B%D1%87
цитаты,цитаты,https://www.anekdot.ru/tags/%D1%86%D0%B8%D1%82%D0%B0%D1%82%D1%8B
Чак Норрис,чак норрис,https://www.anekdot.ru/tags/%D0%A7%D0%B0%D0%BA%20%D0%9D%D0%BE%D1%80%D1%80%D0%B8%D1%81
чапаев,чапаев,https://www.anekdot.ru/tags/%D1%87%D0%B0%D0%BF%D0%B0%D0%B5%D0%B2
Чебурашка,чебурашка,https://www.anekdot.ru/tags/%D0%A7%D0%B5%D0%B1%D1%83%D1%80%D0%B0%D1%88%D0%BA%D0%B0
Челябинск,челябинск,https://www.anekdot.ru/tags/%D0%A7%D0%B5%D0%BB%D1%8F%D0%B1%D0%B8%D0%BD%D1%81%D0%BA
чукча,чукча,https://www.anekdot.ru/tags/%D1%87%D1%83%D0%BA%D1%87%D0%B0
Шерлок Холмс,шерлок холмс,https://www.anekdot.ru/tags/%D0%A8%D0%B5%D1%80%D0%BB%D0%BE%D0%BA%20%D0%A5%D0%BE%D0%BB%D0%BC%D1%81
школа,школа,https://www.anekdot.ru/tags/%D1%88%D0%BA%D0%BE%D0%BB%D0%B0
Штирлиц,штирлиц,https://www.anekdot.ru/tags/%D0%A8%D1%82%D0%B8%D1%80%D0%BB%D0%B8%D1%86
юмор,юмор,https://www.anekdot.ru/tags/%D1%8E%D0%BC%D0%BE%D1%80
